base_model,dc_solution,base_solution,anchor_type,comparison,OR_median_regularizing,OR_median_primary,OR_median_weak,OR_l95_regularizing,OR_l95_primary,OR_l95_weak,OR_u95_regularizing,OR_u95_primary,OR_u95_weak,posterior_probability_OR_gt_1_regularizing,posterior_probability_OR_gt_1_primary,posterior_probability_OR_gt_1_weak,posterior_probability_OR_lt_1_regularizing,posterior_probability_OR_lt_1_primary,posterior_probability_OR_lt_1_weak,conclusion_regularizing,conclusion_primary,conclusion_weak,direction_regularizing,direction_primary,direction_weak,direction_stable,conclusion_stable
gemma3,DC-DC converter,gemma3__DC-DC converter,ANCHOR_EXAMPLE,ANCHOR_EXAMPLE vs CONTEXT,2.365911381442254,6.461808229418887,12.988446493663105,0.8918210184730165,1.7593904803066134,2.8151483805458186,6.010052363946064,23.60110261988141,62.113729479793086,0.95675,0.9965,0.999125,0.04325,0.0035,8.75e-4,uncertain,higher under Anchor,higher under Anchor,above 1,above 1,above 1,TRUE,FALSE
gemma3,DC-DC converter,gemma3__DC-DC converter,ANCHOR_WORD,ANCHOR_WORD vs CONTEXT,61.29296137912942,492.5963339945871,2380.9915819036305,26.720924602859824,134.70885741458386,362.44954236041235,148.72440022050887,2278.4168490108236,27130.23054867538,1,1,1,0,0,0,higher under Anchor,higher under Anchor,higher under Anchor,above 1,above 1,above 1,TRUE,TRUE
gemma3,DC-DC converter,gemma3__DC-DC converter,ANCHOR_NUM_HIGH,ANCHOR_NUM_HIGH vs CONTEXT,0.5761902065518245,0.40764808202831615,0.24298324911078467,0.15784237418290026,0.03586386825084153,0.0039427148933414416,1.8763166265273556,2.890630828376344,4.696202138390717,0.1795,0.202,0.204875,0.8205,0.798,0.795125,uncertain,uncertain,uncertain,below 1,below 1,below 1,TRUE,TRUE
gemma3,DC-DC converter,gemma3__DC-DC converter,ANCHOR_NUM_LOW,ANCHOR_NUM_LOW vs CONTEXT,0.5719706841934148,0.4009007161858398,0.24412956221063625,0.16206936679304637,0.03371448864793551,0.004478234598716488,1.8488510890539571,2.914922727737073,4.130645683441983,0.178875,0.20225,0.200125,0.821125,0.79775,0.799875,uncertain,uncertain,uncertain,below 1,below 1,below 1,TRUE,TRUE
gemma3,DC connectors,gemma3__DC connectors,ANCHOR_EXAMPLE,ANCHOR_EXAMPLE vs CONTEXT,0.5313173805080925,0.35251237362778365,0.21695460818365248,0.15665984877797115,0.02949102830769406,0.003798934973033906,1.6384558140436996,2.4646913036497753,3.770257124448114,0.13825,0.159875,0.174375,0.86175,0.840125,0.825625,uncertain,uncertain,uncertain,below 1,below 1,below 1,TRUE,TRUE
gemma3,DC connectors,gemma3__DC connectors,ANCHOR_WORD,ANCHOR_WORD vs CONTEXT,51.25442025807978,387.58039766132805,1927.1582356735598,22.33712097721985,109.06374887579499,309.2117350284138,124.00618258994528,1710.392765351311,21505.893907514164,1,1,1,0,0,0,higher under Anchor,higher under Anchor,higher under Anchor,above 1,above 1,above 1,TRUE,TRUE
gemma3,DC connectors,gemma3__DC connectors,ANCHOR_NUM_HIGH,ANCHOR_NUM_HIGH vs CONTEXT,1.635817631237151,3.9200107340817727,7.591429575317118,0.5951040347967158,0.9589106629567341,1.6329622592724296,4.111303363547725,13.520661529014653,35.10941156804769,0.834375,0.972125,0.99425,0.165625,0.027875,0.00575,uncertain,uncertain,higher under Anchor,above 1,above 1,above 1,TRUE,FALSE
gemma3,DC connectors,gemma3__DC connectors,ANCHOR_NUM_LOW,ANCHOR_NUM_LOW vs CONTEXT,3.475246755657011,9.773188495556617,18.955430841521615,1.4065325407984368,3.1624175477783094,5.401110704779923,7.996017845140985,29.90345614769827,79.87091656514089,0.996125,0.999875,1,0.003875,1.25e-4,0,higher under Anchor,higher under Anchor,higher under Anchor,above 1,above 1,above 1,TRUE,TRUE
gemma3,DC measurement device,gemma3__DC measurement device,ANCHOR_EXAMPLE,ANCHOR_EXAMPLE vs CONTEXT,0.35048725124801894,0.28384225494002224,0.2660905219230413,0.14824838908219076,0.092179642964492,0.08053349346838118,0.7786071188676186,0.7303868242515272,0.6941895910317237,0.00475,0.004,0.002,0.99525,0.996,0.998,lower under Anchor,lower under Anchor,lower under Anchor,below 1,below 1,below 1,TRUE,TRUE
gemma3,DC measurement device,gemma3__DC measurement device,ANCHOR_WORD,ANCHOR_WORD vs CONTEXT,10.044056098181173,34.61263387396783,97.93402854721676,4.261032000944627,9.651781690633896,16.043339450024508,25.374232783061927,197.68470976263433,1815.2134100734734,1,1,1,0,0,0,higher under Anchor,higher under Anchor,higher under Anchor,above 1,above 1,above 1,TRUE,TRUE
gemma3,DC measurement device,gemma3__DC measurement device,ANCHOR_NUM_HIGH,ANCHOR_NUM_HIGH vs CONTEXT,3.4736859233828703,4.947206111771128,5.547636641526344,1.657895773046402,2.2098580680213167,2.3200125815957637,7.563318717221103,12.034877130346395,14.798927638399611,0.99975,1,1,2.5e-4,0,0,higher under Anchor,higher under Anchor,higher under Anchor,above 1,above 1,above 1,TRUE,TRUE
gemma3,DC measurement device,gemma3__DC measurement device,ANCHOR_NUM_LOW,ANCHOR_NUM_LOW vs CONTEXT,2.6915891343748495,3.6093811156934192,3.953475861342072,1.3256951029012616,1.6542475327530828,1.739051448738849,5.619224575814448,8.280237951871204,9.555194261453845,0.997375,0.99975,0.99925,0.002625,2.5e-4,7.5e-4,higher under Anchor,higher under Anchor,higher under Anchor,above 1,above 1,above 1,TRUE,TRUE
gemma3,DC solution design tool,gemma3__DC solution design tool,ANCHOR_EXAMPLE,ANCHOR_EXAMPLE vs CONTEXT,1.0791532998224107,1.3792860431468008,2.363178847218845,0.26139073519049844,0.12873015128494436,0.08092620179169803,4.473115818957373,19.43501239791704,184.8432326126781,0.546125,0.59675,0.677,0.453875,0.40325,0.323,uncertain,uncertain,uncertain,above 1,above 1,above 1,TRUE,TRUE
gemma3,DC solution design tool,gemma3__DC solution design tool,ANCHOR_WORD,ANCHOR_WORD vs CONTEXT,1.109319591121726,1.3807362690426448,2.2920825321543923,0.26526788998256284,0.12781243753955884,0.09145034320012696,4.541899350202542,21.87661096469842,173.77077582383677,0.552875,0.5955,0.67625,0.447125,0.4045,0.32375,uncertain,uncertain,uncertain,above 1,above 1,above 1,TRUE,TRUE
gemma3,DC solution design tool,gemma3__DC solution design tool,ANCHOR_NUM_HIGH,ANCHOR_NUM_HIGH vs CONTEXT,1.0862384914824306,1.390313444216221,2.3469885385536062,0.25931476394799474,0.11764269030688644,0.08187115765569784,4.657164013837588,22.44690952722501,192.01858576678543,0.548375,0.59725,0.665625,0.451625,0.40275,0.334375,uncertain,uncertain,uncertain,above 1,above 1,above 1,TRUE,TRUE
gemma3,DC solution design tool,gemma3__DC solution design tool,ANCHOR_NUM_LOW,ANCHOR_NUM_LOW vs CONTEXT,1.0951075746617729,1.4241859667732104,2.4787138694975295,0.2717655458154602,0.13079033231556245,0.08333702490043204,4.6275804772147975,20.891246794845493,203.20261993936884,0.55325,0.609625,0.676625,0.44675,0.390375,0.323375,uncertain,uncertain,uncertain,above 1,above 1,above 1,TRUE,TRUE
gemma3,LVAC-LVDC interlink converter,gemma3__LVAC-LVDC interlink converter,ANCHOR_EXAMPLE,ANCHOR_EXAMPLE vs CONTEXT,0.9278486891906477,0.722937733514043,0.39192181812981525,0.22662219885529933,0.045568090092458456,0.004898846035453312,3.5996891900802503,8.486659536419616,12.157092959791504,0.459625,0.405625,0.32,0.540375,0.594375,0.68,uncertain,uncertain,uncertain,below 1,below 1,below 1,TRUE,TRUE
gemma3,LVAC-LVDC interlink converter,gemma3__LVAC-LVDC interlink converter,ANCHOR_WORD,ANCHOR_WORD vs CONTEXT,0.9177760719999177,0.6978012116067926,0.3990346613602187,0.21745871402618208,0.04197685009174072,0.005320141503284672,3.7549343567888283,8.663159808420703,11.34428022262017,0.45225,0.398,0.317875,0.54775,0.602,0.682125,uncertain,uncertain,uncertain,below 1,below 1,below 1,TRUE,TRUE
gemma3,LVAC-LVDC interlink converter,gemma3__LVAC-LVDC interlink converter,ANCHOR_NUM_HIGH,ANCHOR_NUM_HIGH vs CONTEXT,0.9187030941270233,0.7230000508328223,0.4148484668672375,0.2120312869640411,0.04772137654688689,0.005352319528983595,3.8349527253122737,8.051871489178131,11.097021115327607,0.457625,0.400125,0.322125,0.542375,0.599875,0.677875,uncertain,uncertain,uncertain,below 1,below 1,below 1,TRUE,TRUE
gemma3,LVAC-LVDC interlink converter,gemma3__LVAC-LVDC interlink converter,ANCHOR_NUM_LOW,ANCHOR_NUM_LOW vs CONTEXT,0.9137315659120395,0.7089753452006307,0.39284680367716485,0.22152348070441594,0.046504853835802065,0.005038990546874072,3.6749930930376844,7.94726996155954,12.00560932038395,0.451625,0.4005,0.315,0.548375,0.5995,0.685,uncertain,uncertain,uncertain,below 1,below 1,below 1,TRUE,TRUE
gemma3,Network design tool for DC solutions,gemma3__Network design tool for DC solutions,ANCHOR_EXAMPLE,ANCHOR_EXAMPLE vs CONTEXT,0.13523460251603303,0.07001207016878744,0.054133423694294275,0.0622148893734665,0.024436090930893772,0.01669489238542278,0.2801532075340388,0.17312630728664266,0.14644373826733384,0,0,0,1,1,1,lower under Anchor,lower under Anchor,lower under Anchor,below 1,below 1,below 1,TRUE,TRUE
gemma3,Network design tool for DC solutions,gemma3__Network design tool for DC solutions,ANCHOR_WORD,ANCHOR_WORD vs CONTEXT,4.524453510886303,11.80659564916985,29.598602482653135,1.7792899784027272,2.6818411852111255,3.8327302674969372,12.975308336203556,87.07954026770007,762.0586850456648,0.999125,0.99975,0.999875,8.75e-4,2.5e-4,1.25e-4,higher under Anchor,higher under Anchor,higher under Anchor,above 1,above 1,above 1,TRUE,TRUE
gemma3,Network design tool for DC solutions,gemma3__Network design tool for DC solutions,ANCHOR_NUM_HIGH,ANCHOR_NUM_HIGH vs CONTEXT,0.39186448316123024,0.29023047733092394,0.259611278525883,0.19580042546433346,0.13127439454132042,0.11577371626168181,0.7987197543007791,0.6353692702833799,0.5853243276701704,0.00575,8.75e-4,5e-4,0.99425,0.999125,0.9995,lower under Anchor,lower under Anchor,lower under Anchor,below 1,below 1,below 1,TRUE,TRUE
gemma3,Network design tool for DC solutions,gemma3__Network design tool for DC solutions,ANCHOR_NUM_LOW,ANCHOR_NUM_LOW vs CONTEXT,0.10058513137471758,0.04191864226473264,0.028209169412857126,0.044023738341360384,0.01247966728678255,0.005660422898851043,0.21541423601689683,0.11733775860268846,0.09193769917982658,0,0,0,1,1,1,lower under Anchor,lower under Anchor,lower under Anchor,below 1,below 1,below 1,TRUE,TRUE
gemma3,Protection DC system design tool,gemma3__Protection DC system design tool,ANCHOR_EXAMPLE,ANCHOR_EXAMPLE vs CONTEXT,0.3432545873375822,0.12353992108148787,0.07256332461076972,0.10196262634542559,0.023116843821282432,0.009299912922013091,1.2369894461346889,0.6997845100020765,0.49635453135187935,0.048375,0.0095,0.00475,0.951625,0.9905,0.99525,uncertain,lower under Anchor,lower under Anchor,below 1,below 1,below 1,TRUE,FALSE
gemma3,Protection DC system design tool,gemma3__Protection DC system design tool,ANCHOR_WORD,ANCHOR_WORD vs CONTEXT,1.2235056697917766,1.6999558175640916,2.868779244096525,0.31241298204864204,0.17779174935660352,0.11225090516604348,4.967767942559628,23.03558349863264,196.6714260416859,0.61275,0.667375,0.715125,0.38725,0.332625,0.284875,uncertain,uncertain,uncertain,above 1,above 1,above 1,TRUE,TRUE
gemma3,Protection DC system design tool,gemma3__Protection DC system design tool,ANCHOR_NUM_HIGH,ANCHOR_NUM_HIGH vs CONTEXT,1.2208545256970629,1.6731346351854763,2.7517092340543536,0.3271696493369025,0.18180869745990919,0.11389887000618669,4.668212237786255,23.19098402472763,242.31978229466037,0.614,0.65775,0.7055,0.386,0.34225,0.2945,uncertain,uncertain,uncertain,above 1,above 1,above 1,TRUE,TRUE
gemma3,Protection DC system design tool,gemma3__Protection DC system design tool,ANCHOR_NUM_LOW,ANCHOR_NUM_LOW vs CONTEXT,1.2111788998844255,1.6798448125445817,2.914515767523703,0.3205341925239778,0.17666261233433034,0.1254042132292359,4.781719655438773,24.532597528675794,220.97559998336922,0.602375,0.664875,0.720375,0.397625,0.335125,0.279625,uncertain,uncertain,uncertain,above 1,above 1,above 1,TRUE,TRUE
gemma3,Semiconductor-based circuit breaker,gemma3__Semiconductor-based circuit breaker,ANCHOR_EXAMPLE,ANCHOR_EXAMPLE vs CONTEXT,1.093786150956562,1.4069030279963757,2.4684349820659497,0.2757216386499633,0.1274995575390281,0.07886512923677445,4.461997766258632,21.46017852501452,244.92035587463758,0.551,0.6005,0.67675,0.449,0.3995,0.32325,uncertain,uncertain,uncertain,above 1,above 1,above 1,TRUE,TRUE
gemma3,Semiconductor-based circuit breaker,gemma3__Semiconductor-based circuit breaker,ANCHOR_WORD,ANCHOR_WORD vs CONTEXT,1.111072165671143,1.4174861193751478,2.4266771699424856,0.27249546146185555,0.12535295218048925,0.08836736326421442,4.587752263554353,22.08713546282141,189.1537325560243,0.55525,0.601875,0.6795,0.44475,0.398125,0.3205,uncertain,uncertain,uncertain,above 1,above 1,above 1,TRUE,TRUE
gemma3,Semiconductor-based circuit breaker,gemma3__Semiconductor-based circuit breaker,ANCHOR_NUM_HIGH,ANCHOR_NUM_HIGH vs CONTEXT,1.0989370446066666,1.4108832290434279,2.4349890680422908,0.2635539279017242,0.13280956950476694,0.08841541348665488,4.828840576778657,21.11291800717116,184.8718832314202,0.5535,0.596,0.68175,0.4465,0.404,0.31825,uncertain,uncertain,uncertain,above 1,above 1,above 1,TRUE,TRUE
gemma3,Semiconductor-based circuit breaker,gemma3__Semiconductor-based circuit breaker,ANCHOR_NUM_LOW,ANCHOR_NUM_LOW vs CONTEXT,1.104772293202309,1.4259123003002852,2.3980933835131033,0.27250731727018557,0.12191828373781698,0.08388539945860689,4.52244188080342,22.381685844484693,193.50892244971214,0.553375,0.603125,0.675125,0.446625,0.396875,0.324875,uncertain,uncertain,uncertain,above 1,above 1,above 1,TRUE,TRUE
gemma3,Smart and sustainable DC cables,gemma3__Smart and sustainable DC cables,ANCHOR_EXAMPLE,ANCHOR_EXAMPLE vs CONTEXT,0.9681371086928513,0.5642838140411108,0.31661328440193637,0.35255370471816544,0.13541978894787302,0.0561953619997624,2.994163125118563,3.2418977784442395,2.357295908521361,0.4815,0.246875,0.120375,0.5185,0.753125,0.879625,uncertain,uncertain,uncertain,below 1,below 1,below 1,TRUE,TRUE
gemma3,Smart and sustainable DC cables,gemma3__Smart and sustainable DC cables,ANCHOR_WORD,ANCHOR_WORD vs CONTEXT,0.9844636097925255,0.5643172508558825,0.31250838730429686,0.35595768021628854,0.1363732342282229,0.05920554136223888,3.065471887554098,3.1737427525233892,2.3162432184572723,0.486,0.240375,0.11625,0.514,0.759625,0.88375,uncertain,uncertain,uncertain,below 1,below 1,below 1,TRUE,TRUE
gemma3,Smart and sustainable DC cables,gemma3__Smart and sustainable DC cables,ANCHOR_NUM_HIGH,ANCHOR_NUM_HIGH vs CONTEXT,0.27589041245243723,0.10161300488550236,0.052247391516355775,0.11694818043320794,0.03230732210113203,0.012516399624274598,0.6801478724471515,0.3021785462594698,0.18698969491398648,0.00275,0,0,0.99725,1,1,lower under Anchor,lower under Anchor,lower under Anchor,below 1,below 1,below 1,TRUE,TRUE
gemma3,Smart and sustainable DC cables,gemma3__Smart and sustainable DC cables,ANCHOR_NUM_LOW,ANCHOR_NUM_LOW vs CONTEXT,0.03155020109629054,0.007328928928314035,0.0030772113154834742,0.013877728637486745,0.002229054973312611,6.699751001107285e-4,0.0690468321647183,0.021052897486221113,0.011322849549814305,0,0,0,1,1,1,lower under Anchor,lower under Anchor,lower under Anchor,below 1,below 1,below 1,TRUE,TRUE
gemma3,Solid-state circuit breaker,gemma3__Solid-state circuit breaker,ANCHOR_EXAMPLE,ANCHOR_EXAMPLE vs CONTEXT,1.104894799888926,1.4593414560311344,2.508692839361113,0.2652220949394519,0.12524686567798943,0.08199048956900402,4.773065119084444,21.844036154407178,192.32074278278046,0.554625,0.608,0.68125,0.445375,0.392,0.31875,uncertain,uncertain,uncertain,above 1,above 1,above 1,TRUE,TRUE
gemma3,Solid-state circuit breaker,gemma3__Solid-state circuit breaker,ANCHOR_WORD,ANCHOR_WORD vs CONTEXT,1.0843921374766374,1.4553911860765871,2.4363633586549582,0.2734386377053821,0.12263280859890782,0.07390428437809668,4.385111807745371,22.59570280406355,206.48837806193953,0.545,0.606,0.67825,0.455,0.394,0.32175,uncertain,uncertain,uncertain,above 1,above 1,above 1,TRUE,TRUE
gemma3,Solid-state circuit breaker,gemma3__Solid-state circuit breaker,ANCHOR_NUM_HIGH,ANCHOR_NUM_HIGH vs CONTEXT,1.0964162115645453,1.4462594921851732,2.4346314435602885,0.27132899382974807,0.12697760093048666,0.08747841979898123,4.701529227343057,23.4885284043462,174.42807681959746,0.551,0.606875,0.67525,0.449,0.393125,0.32475,uncertain,uncertain,uncertain,above 1,above 1,above 1,TRUE,TRUE
gemma3,Solid-state circuit breaker,gemma3__Solid-state circuit breaker,ANCHOR_NUM_LOW,ANCHOR_NUM_LOW vs CONTEXT,1.0846751990615602,1.387585578353037,2.4606107099419856,0.2691192408782967,0.1230145310589514,0.075420695190004175,4.6196627560087045,23.920355151401992,205.9433415124136,0.546875,0.6025,0.684375,0.453125,0.3975,0.315625,uncertain,uncertain,uncertain,above 1,above 1,above 1,TRUE,TRUE
gemma3,Static protection system,gemma3__Static protection system,ANCHOR_EXAMPLE,ANCHOR_EXAMPLE vs CONTEXT,1.0811159788529023,1.4223416738654797,2.4186842334737664,0.27392475154361945,0.12386091347850593,0.08517347280264216,4.681911716159339,23.301490630410523,165.96269156867254,0.54525,0.60525,0.679,0.45475,0.39475,0.321,uncertain,uncertain,uncertain,above 1,above 1,above 1,TRUE,TRUE
gemma3,Static protection system,gemma3__Static protection system,ANCHOR_WORD,ANCHOR_WORD vs CONTEXT,1.0964846302500844,1.4610419763159481,2.4361547484635953,0.2694082439708481,0.12908304845919277,0.0817116052801664,4.7268371622208205,22.27030763167392,178.71920943599054,0.552625,0.614625,0.673625,0.447375,0.385375,0.326375,uncertain,uncertain,uncertain,above 1,above 1,above 1,TRUE,TRUE
gemma3,Static protection system,gemma3__Static protection system,ANCHOR_NUM_HIGH,ANCHOR_NUM_HIGH vs CONTEXT,1.0793468933182062,1.4355317622184214,2.482399867795669,0.2619712506032034,0.12257666636074521,0.08939409951981646,4.624861970720019,21.68465553050097,191.24878108791734,0.53975,0.607625,0.675,0.46025,0.392375,0.325,uncertain,uncertain,uncertain,above 1,above 1,above 1,TRUE,TRUE
gemma3,Static protection system,gemma3__Static protection system,ANCHOR_NUM_LOW,ANCHOR_NUM_LOW vs CONTEXT,1.0942697471349705,1.4019969113836872,2.4139911459595043,0.2737844077263164,0.1247096861122925,0.08160581592159762,4.493326740458651,20.279052198985756,189.06675924017685,0.5525,0.600375,0.677375,0.4475,0.399625,0.322625,uncertain,uncertain,uncertain,above 1,above 1,above 1,TRUE,TRUE
llama,DC-DC converter,llama__DC-DC converter,ANCHOR_EXAMPLE,ANCHOR_EXAMPLE vs CONTEXT,1.1259463438052406,1.1801143366506417,1.1913086449494668,0.5561472448420681,0.5533039481115818,0.5403649542573585,2.2039785067960143,2.470608862095029,2.561725776641481,0.634625,0.6695,0.671,0.365375,0.3305,0.329,uncertain,uncertain,uncertain,above 1,above 1,above 1,TRUE,TRUE
llama,DC-DC converter,llama__DC-DC converter,ANCHOR_WORD,ANCHOR_WORD vs CONTEXT,0.8029846322682463,0.7936654958511773,0.7918336459030236,0.39386265558889305,0.34442128023750024,0.3445697536480163,1.5774856177941572,1.722245435990499,1.7627290096927384,0.264,0.27125,0.282625,0.736,0.72875,0.717375,uncertain,uncertain,uncertain,below 1,below 1,below 1,TRUE,TRUE
llama,DC-DC converter,llama__DC-DC converter,ANCHOR_NUM_HIGH,ANCHOR_NUM_HIGH vs CONTEXT,1.5583562569739082,1.7382644494373474,1.7926265856459895,0.7853633978743894,0.7947453738749296,0.8020058933379596,3.137414274916122,3.7389855878934757,4.106651101726846,0.89075,0.919375,0.92225,0.10925,0.080625,0.07775,uncertain,uncertain,uncertain,above 1,above 1,above 1,TRUE,TRUE
llama,DC-DC converter,llama__DC-DC converter,ANCHOR_NUM_LOW,ANCHOR_NUM_LOW vs CONTEXT,1.7263079630065827,1.974425866537599,2.0720522189751174,0.8832628493348643,0.9319672359647547,0.9569540220672456,3.4791099836004316,4.389945930912239,4.511607971710161,0.946375,0.961125,0.965625,0.053625,0.038875,0.034375,uncertain,uncertain,uncertain,above 1,above 1,above 1,TRUE,TRUE
llama,DC connectors,llama__DC connectors,ANCHOR_EXAMPLE,ANCHOR_EXAMPLE vs CONTEXT,0.2683171636754881,0.12314935522341111,0.07902373003250426,0.09859073093192727,0.025514770902024694,0.008922849630839415,0.6627240940378295,0.42810046539458246,0.34997727176671767,0.0015,0,0,0.9985,1,1,lower under Anchor,lower under Anchor,lower under Anchor,below 1,below 1,below 1,TRUE,TRUE
llama,DC connectors,llama__DC connectors,ANCHOR_WORD,ANCHOR_WORD vs CONTEXT,0.5597859287555342,0.430502541273012,0.3905044139492001,0.24138176838735487,0.14326369568583935,0.13061493954354322,1.2227279106976348,1.0627990927788682,0.9735971206347471,0.0725,0.03325,0.021875,0.9275,0.96675,0.978125,uncertain,uncertain,lower under Anchor,below 1,below 1,below 1,TRUE,FALSE
llama,DC connectors,llama__DC connectors,ANCHOR_NUM_HIGH,ANCHOR_NUM_HIGH vs CONTEXT,0.852345767058069,0.7511377452217295,0.7153877507280648,0.38498651113081245,0.30843655952678106,0.2846639116918897,1.7984363969159853,1.7222488100003681,1.6109016523721065,0.34125,0.254625,0.219,0.65875,0.745375,0.781,uncertain,uncertain,uncertain,below 1,below 1,below 1,TRUE,TRUE
llama,DC connectors,llama__DC connectors,ANCHOR_NUM_LOW,ANCHOR_NUM_LOW vs CONTEXT,0.40235145995935895,0.26202576319544857,0.22166629770384566,0.16237904832542835,0.07462245929591461,0.05617814948072705,0.9091074010913294,0.7120189165324803,0.6645721934304416,0.014,0.00475,0.002625,0.986,0.99525,0.997375,lower under Anchor,lower under Anchor,lower under Anchor,below 1,below 1,below 1,TRUE,TRUE
llama,DC measurement device,llama__DC measurement device,ANCHOR_EXAMPLE,ANCHOR_EXAMPLE vs CONTEXT,0.6820838165625767,0.4725459068019341,0.36606508041014474,0.2132546806584435,0.07539946197399626,0.03309928483530747,1.9064060789370454,1.9422272693711715,1.9209360139303098,0.24525,0.158625,0.13175,0.75475,0.841375,0.86825,uncertain,uncertain,uncertain,below 1,below 1,below 1,TRUE,TRUE
llama,DC measurement device,llama__DC measurement device,ANCHOR_WORD,ANCHOR_WORD vs CONTEXT,0.6793548271081218,0.46363421243410596,0.3683229405196806,0.21608788747831262,0.07333800916964182,0.02984044387498599,1.9159495187027131,1.95515880112832,1.8457393736798837,0.24475,0.165375,0.1245,0.75525,0.834625,0.8755,uncertain,uncertain,uncertain,below 1,below 1,below 1,TRUE,TRUE
llama,DC measurement device,llama__DC measurement device,ANCHOR_NUM_HIGH,ANCHOR_NUM_HIGH vs CONTEXT,1.4719092249192958,1.6087497302224048,1.6255122939767763,0.5272543880434347,0.46513996393207346,0.4708290019586658,3.789843948494391,4.78017325054976,4.968618644583187,0.78175,0.780625,0.789375,0.21825,0.219375,0.210625,uncertain,uncertain,uncertain,above 1,above 1,above 1,TRUE,TRUE
llama,DC measurement device,llama__DC measurement device,ANCHOR_NUM_LOW,ANCHOR_NUM_LOW vs CONTEXT,0.6831834187339136,0.47083213804537094,0.3696797490105678,0.21479395707456295,0.07294023256491734,0.03318935479168866,1.955537353802837,1.9142448893822774,1.8528412536239427,0.244375,0.163,0.136,0.755625,0.837,0.864,uncertain,uncertain,uncertain,below 1,below 1,below 1,TRUE,TRUE
llama,DC solution design tool,llama__DC solution design tool,ANCHOR_EXAMPLE,ANCHOR_EXAMPLE vs CONTEXT,1.4545618713489454,1.5183306454404362,1.5090746252517184,0.7052817206934644,0.6663989406187334,0.6611337959926992,2.9858528380524705,3.274517980364097,3.362623455859,0.834,0.848375,0.834625,0.166,0.151625,0.165375,uncertain,uncertain,uncertain,above 1,above 1,above 1,TRUE,TRUE
llama,DC solution design tool,llama__DC solution design tool,ANCHOR_WORD,ANCHOR_WORD vs CONTEXT,0.4575524384952083,0.32861527349873604,0.2891436443993235,0.17869869776329486,0.09648868077269258,0.07268382420811896,1.0578273483631018,0.91050678844078,0.8488530321603354,0.035875,0.014375,0.01175,0.964125,0.985625,0.98825,uncertain,lower under Anchor,lower under Anchor,below 1,below 1,below 1,TRUE,FALSE
llama,DC solution design tool,llama__DC solution design tool,ANCHOR_NUM_HIGH,ANCHOR_NUM_HIGH vs CONTEXT,1.4555666805188323,1.5119946370482111,1.518910865003813,0.7007597379752389,0.6645233277966353,0.6506601149806515,2.9169144504970066,3.416509792744021,3.3588994237744036,0.842625,0.842625,0.837,0.157375,0.157375,0.163,uncertain,uncertain,uncertain,above 1,above 1,above 1,TRUE,TRUE
llama,DC solution design tool,llama__DC solution design tool,ANCHOR_NUM_LOW,ANCHOR_NUM_LOW vs CONTEXT,0.460670904905346,0.3323599268498832,0.2860557059310002,0.18442120095899958,0.10260554831862437,0.07082239929397409,1.033010442006478,0.9067762993352121,0.8496806555408316,0.031125,0.01425,0.01125,0.968875,0.98575,0.98875,uncertain,lower under Anchor,lower under Anchor,below 1,below 1,below 1,TRUE,FALSE
llama,LVAC-LVDC interlink converter,llama__LVAC-LVDC interlink converter,ANCHOR_EXAMPLE,ANCHOR_EXAMPLE vs CONTEXT,0.9318549596536352,1.027866128944976,1.06977536695551,0.3751537152340248,0.33984384225861997,0.33666685059763424,2.1587130638669847,2.6857360668500707,2.85958222683964,0.435875,0.518875,0.54675,0.564125,0.481125,0.45325,uncertain,uncertain,uncertain,below 1,above 1,above 1,FALSE,TRUE
llama,LVAC-LVDC interlink converter,llama__LVAC-LVDC interlink converter,ANCHOR_WORD,ANCHOR_WORD vs CONTEXT,2.5066106000972748,3.30346274725055,3.6102976056127596,1.165571044961153,1.419707607876752,1.5246576659119389,5.184801731246086,7.528542232073116,8.541558924808742,0.98825,0.996625,0.99775,0.01175,0.003375,0.00225,higher under Anchor,higher under Anchor,higher under Anchor,above 1,above 1,above 1,TRUE,TRUE
llama,LVAC-LVDC interlink converter,llama__LVAC-LVDC interlink converter,ANCHOR_NUM_HIGH,ANCHOR_NUM_HIGH vs CONTEXT,2.790048950394934,3.7863911740391787,4.127286620482865,1.346299223422701,1.6738746280049397,1.7707184330746288,5.758794490698177,8.475268511153548,9.66405402220498,0.996875,0.9995,0.99975,0.003125,5e-4,2.5e-4,higher under Anchor,higher under Anchor,higher under Anchor,above 1,above 1,above 1,TRUE,TRUE
llama,LVAC-LVDC interlink converter,llama__LVAC-LVDC interlink converter,ANCHOR_NUM_LOW,ANCHOR_NUM_LOW vs CONTEXT,1.2868812340379954,1.5223775085819078,1.628140405523717,0.5454413640355624,0.5765511177757418,0.5803850503251513,2.86319333069221,3.707351455594697,4.101261622573522,0.72625,0.807625,0.834875,0.27375,0.192375,0.165125,uncertain,uncertain,uncertain,above 1,above 1,above 1,TRUE,TRUE
llama,Network design tool for DC solutions,llama__Network design tool for DC solutions,ANCHOR_EXAMPLE,ANCHOR_EXAMPLE vs CONTEXT,0.381566022969263,0.27775314060586953,0.2512319479040809,0.16179666521687383,0.09066052989546573,0.0756006513256088,0.8279623021887582,0.7129011215751239,0.6678706358829982,0.008375,0.004125,0.002125,0.991625,0.995875,0.997875,lower under Anchor,lower under Anchor,lower under Anchor,below 1,below 1,below 1,TRUE,TRUE
llama,Network design tool for DC solutions,llama__Network design tool for DC solutions,ANCHOR_WORD,ANCHOR_WORD vs CONTEXT,1.2272603530365922,1.238442730965931,1.236624443334017,0.6009359633298466,0.5527341202639944,0.5380705562400354,2.463308802252258,2.745411924054942,2.78241571957487,0.715125,0.707,0.705125,0.284875,0.293,0.294875,uncertain,uncertain,uncertain,above 1,above 1,above 1,TRUE,TRUE
llama,Network design tool for DC solutions,llama__Network design tool for DC solutions,ANCHOR_NUM_HIGH,ANCHOR_NUM_HIGH vs CONTEXT,1.093004325912144,1.0919022419984592,1.08734762651468,0.5412531755122328,0.49193781855430935,0.48186903619104116,2.1921308423812618,2.337759269363506,2.3481515437630076,0.593,0.5875,0.5835,0.407,0.4125,0.4165,uncertain,uncertain,uncertain,above 1,above 1,above 1,TRUE,TRUE
llama,Network design tool for DC solutions,llama__Network design tool for DC solutions,ANCHOR_NUM_LOW,ANCHOR_NUM_LOW vs CONTEXT,0.9764685292375797,0.9550842183127437,0.9366556281586127,0.47371188171604195,0.415929375891304,0.4088062619215866,1.960475548530291,2.0644176795559335,2.113600749152392,0.4735,0.4555,0.4335,0.5265,0.5445,0.5665,uncertain,uncertain,uncertain,below 1,below 1,below 1,TRUE,TRUE
llama,Protection DC system design tool,llama__Protection DC system design tool,ANCHOR_EXAMPLE,ANCHOR_EXAMPLE vs CONTEXT,0.7433040854206784,0.7065952795962294,0.6968983321095682,0.3541593776852609,0.3110091298508213,0.29984145541411783,1.5056715524933935,1.5418645174977825,1.5544827849655092,0.206625,0.194375,0.195125,0.793375,0.805625,0.804875,uncertain,uncertain,uncertain,below 1,below 1,below 1,TRUE,TRUE
llama,Protection DC system design tool,llama__Protection DC system design tool,ANCHOR_WORD,ANCHOR_WORD vs CONTEXT,0.9364377827841219,0.9350723822622936,0.9380589491140562,0.46249215413995415,0.43004335571238983,0.41967417592363737,1.823199601231408,1.9815446062930242,2.026997994227317,0.425375,0.432375,0.435625,0.574625,0.567625,0.564375,uncertain,uncertain,uncertain,below 1,below 1,below 1,TRUE,TRUE
llama,Protection DC system design tool,llama__Protection DC system design tool,ANCHOR_NUM_HIGH,ANCHOR_NUM_HIGH vs CONTEXT,1.8035939180497826,2.038148486349384,2.1047190137970886,0.9005895776612214,0.9561791948856794,0.9782745470259349,3.7280754566843726,4.559738429852992,4.830047306363205,0.953625,0.96625,0.97175,0.046375,0.03375,0.02825,uncertain,uncertain,uncertain,above 1,above 1,above 1,TRUE,TRUE
llama,Protection DC system design tool,llama__Protection DC system design tool,ANCHOR_NUM_LOW,ANCHOR_NUM_LOW vs CONTEXT,1.2979177585218238,1.3764106936131444,1.4124807596193945,0.648856538303126,0.6534161454328382,0.649184154431748,2.6040425885725336,3.025309548842887,3.079887300451835,0.772125,0.792125,0.812,0.227875,0.207875,0.188,uncertain,uncertain,uncertain,above 1,above 1,above 1,TRUE,TRUE
llama,Semiconductor-based circuit breaker,llama__Semiconductor-based circuit breaker,ANCHOR_EXAMPLE,ANCHOR_EXAMPLE vs CONTEXT,0.6874213367704574,0.6223240067944219,0.5927139815434052,0.34654776807565923,0.2818402374040582,0.26710280636244604,1.405022871003696,1.3480634959537974,1.3360741298243832,0.15325,0.11175,0.100625,0.84675,0.88825,0.899375,uncertain,uncertain,uncertain,below 1,below 1,below 1,TRUE,TRUE
llama,Semiconductor-based circuit breaker,llama__Semiconductor-based circuit breaker,ANCHOR_WORD,ANCHOR_WORD vs CONTEXT,0.6897633783832244,0.6144112103520853,0.5969245526365041,0.3438919963755994,0.28742716130247786,0.2714532285034991,1.410718231896291,1.3591197453900785,1.309403796538415,0.153125,0.11225,0.099125,0.846875,0.88775,0.900875,uncertain,uncertain,uncertain,below 1,below 1,below 1,TRUE,TRUE
llama,Semiconductor-based circuit breaker,llama__Semiconductor-based circuit breaker,ANCHOR_NUM_HIGH,ANCHOR_NUM_HIGH vs CONTEXT,0.6174016998164686,0.5371121083308641,0.5214344701251505,0.30417920121372427,0.2488285239151154,0.23503142167335764,1.2686720744808084,1.1772076162917486,1.1682934247025007,0.0905,0.05675,0.05775,0.9095,0.94325,0.94225,uncertain,uncertain,uncertain,below 1,below 1,below 1,TRUE,TRUE
llama,Semiconductor-based circuit breaker,llama__Semiconductor-based circuit breaker,ANCHOR_NUM_LOW,ANCHOR_NUM_LOW vs CONTEXT,0.8660755978530592,0.8053605215518009,0.7839100039657159,0.4282410427386866,0.37050683580628263,0.35451072081208745,1.7869402280934223,1.794139186948443,1.805685883998506,0.34725,0.294375,0.275375,0.65275,0.705625,0.724625,uncertain,uncertain,uncertain,below 1,below 1,below 1,TRUE,TRUE
llama,Smart and sustainable DC cables,llama__Smart and sustainable DC cables,ANCHOR_EXAMPLE,ANCHOR_EXAMPLE vs CONTEXT,0.8761497155554582,0.855762336088504,0.8604707032206311,0.4407689664700827,0.39288184001221277,0.39674972751585513,1.738901877107434,1.8737809638689535,1.8826364021902275,0.358,0.338125,0.349,0.642,0.661875,0.651,uncertain,uncertain,uncertain,below 1,below 1,below 1,TRUE,TRUE
llama,Smart and sustainable DC cables,llama__Smart and sustainable DC cables,ANCHOR_WORD,ANCHOR_WORD vs CONTEXT,0.7887347834467946,0.7498195835741002,0.7525736119635918,0.3904084937812479,0.34781462938254304,0.34283585557648705,1.5727992245136595,1.6478202021419026,1.6473271105956182,0.258,0.240125,0.232125,0.742,0.759875,0.767875,uncertain,uncertain,uncertain,below 1,below 1,below 1,TRUE,TRUE
llama,Smart and sustainable DC cables,llama__Smart and sustainable DC cables,ANCHOR_NUM_HIGH,ANCHOR_NUM_HIGH vs CONTEXT,1.7398276696599222,1.9259657310279232,1.9943650125635461,0.8500243206877256,0.8744765713554464,0.8839159917252355,3.6440635516366537,4.5114597638598974,4.7452824082010325,0.93325,0.94975,0.95275,0.06675,0.05025,0.04725,uncertain,uncertain,uncertain,above 1,above 1,above 1,TRUE,TRUE
llama,Smart and sustainable DC cables,llama__Smart and sustainable DC cables,ANCHOR_NUM_LOW,ANCHOR_NUM_LOW vs CONTEXT,0.7897964841494336,0.7553503407736817,0.7477090239539821,0.3904474274974344,0.35665383882703927,0.3380406845089827,1.5683299953475014,1.6210423787292578,1.6234734277952183,0.249625,0.230625,0.232625,0.750375,0.769375,0.767375,uncertain,uncertain,uncertain,below 1,below 1,below 1,TRUE,TRUE
llama,Solid-state circuit breaker,llama__Solid-state circuit breaker,ANCHOR_EXAMPLE,ANCHOR_EXAMPLE vs CONTEXT,0.8733413459966795,0.8441859285814184,0.8253358293647456,0.4278035715945506,0.38503650684539037,0.36763189617117537,1.8122491953489204,1.8854723397384234,1.932685031877679,0.353125,0.3305,0.328,0.646875,0.6695,0.672,uncertain,uncertain,uncertain,below 1,below 1,below 1,TRUE,TRUE
llama,Solid-state circuit breaker,llama__Solid-state circuit breaker,ANCHOR_WORD,ANCHOR_WORD vs CONTEXT,0.6165584258939596,0.5628140253546667,0.5474514004102103,0.3084344949444794,0.25794405899054923,0.2519901515928581,1.2508229190527522,1.2035500549538787,1.1782346212414583,0.087875,0.072125,0.065625,0.912125,0.927875,0.934375,uncertain,uncertain,uncertain,below 1,below 1,below 1,TRUE,TRUE
llama,Solid-state circuit breaker,llama__Solid-state circuit breaker,ANCHOR_NUM_HIGH,ANCHOR_NUM_HIGH vs CONTEXT,1.9075660916583024,2.2760918356960804,2.403872518856998,0.8696929902784905,0.9248089691305802,0.9417004583818545,4.404963134714314,6.518206801398943,7.466764829204697,0.946625,0.96175,0.96725,0.053375,0.03825,0.03275,uncertain,uncertain,uncertain,above 1,above 1,above 1,TRUE,TRUE
llama,Solid-state circuit breaker,llama__Solid-state circuit breaker,ANCHOR_NUM_LOW,ANCHOR_NUM_LOW vs CONTEXT,0.773431215809316,0.735719176848962,0.7195355278118036,0.3794664765383384,0.3431336368434949,0.320255136736821,1.6008695961823243,1.6205807075863032,1.6226064875226027,0.23675,0.216,0.214125,0.76325,0.784,0.785875,uncertain,uncertain,uncertain,below 1,below 1,below 1,TRUE,TRUE
llama,Static protection system,llama__Static protection system,ANCHOR_EXAMPLE,ANCHOR_EXAMPLE vs CONTEXT,1.3237963144017857,1.4406315114867567,1.459823459869034,0.663259422564455,0.6476247710829915,0.6298586072720235,2.742809893791156,3.231668281492495,3.466297633009893,0.787625,0.811625,0.81775,0.212375,0.188375,0.18225,uncertain,uncertain,uncertain,above 1,above 1,above 1,TRUE,TRUE
llama,Static protection system,llama__Static protection system,ANCHOR_WORD,ANCHOR_WORD vs CONTEXT,0.7558238502127068,0.7434832771179332,0.7232935446800675,0.37774101025375206,0.343359367630876,0.3275432535052918,1.513454772903277,1.553516348601148,1.588776807071734,0.218625,0.21325,0.2115,0.781375,0.78675,0.7885,uncertain,uncertain,uncertain,below 1,below 1,below 1,TRUE,TRUE
llama,Static protection system,llama__Static protection system,ANCHOR_NUM_HIGH,ANCHOR_NUM_HIGH vs CONTEXT,1.4940828141673328,1.6630750968817862,1.701704256329674,0.7347685353016706,0.7330953398467247,0.7342641551247839,3.180436735310603,3.851723077640771,4.222249807338749,0.864375,0.88875,0.89525,0.135625,0.11125,0.10475,uncertain,uncertain,uncertain,above 1,above 1,above 1,TRUE,TRUE
llama,Static protection system,llama__Static protection system,ANCHOR_NUM_LOW,ANCHOR_NUM_LOW vs CONTEXT,1.1818401963841823,1.2427414781511503,1.259358414631532,0.5887596180212527,0.5757199942420835,0.5731067481204343,2.4593172263491323,2.762361281666871,2.866498262470104,0.675625,0.706,0.705,0.324375,0.294,0.295,uncertain,uncertain,uncertain,above 1,above 1,above 1,TRUE,TRUE
mistral,DC-DC converter,mistral__DC-DC converter,ANCHOR_EXAMPLE,ANCHOR_EXAMPLE vs CONTEXT,1.4772988856101228,1.4536200941403594,1.4432234424663855,0.7197901793774386,0.6415673746449295,0.6077153127570059,3.1271684454366864,3.5841673046602107,3.700275248604999,0.858625,0.806625,0.793375,0.141375,0.193375,0.206625,uncertain,uncertain,uncertain,above 1,above 1,above 1,TRUE,TRUE
mistral,DC-DC converter,mistral__DC-DC converter,ANCHOR_WORD,ANCHOR_WORD vs CONTEXT,0.47499364367475505,0.3700666377515528,0.3476487752005578,0.23021959145773122,0.16594795536998358,0.1515642045122446,0.953699401033473,0.8125686592115916,0.7668773187037822,0.0195,0.00625,0.005125,0.9805,0.99375,0.994875,lower under Anchor,lower under Anchor,lower under Anchor,below 1,below 1,below 1,TRUE,TRUE
mistral,DC-DC converter,mistral__DC-DC converter,ANCHOR_NUM_HIGH,ANCHOR_NUM_HIGH vs CONTEXT,0.15361342260686567,0.07848748683443489,0.061323061724355976,0.06671503250283665,0.025200949981195993,0.01640798352783273,0.33458809847583215,0.20386800752494305,0.17500872368435244,0,0,0,1,1,1,lower under Anchor,lower under Anchor,lower under Anchor,below 1,below 1,below 1,TRUE,TRUE
mistral,DC-DC converter,mistral__DC-DC converter,ANCHOR_NUM_LOW,ANCHOR_NUM_LOW vs CONTEXT,0.29995056012033394,0.2125590861505344,0.18935042041206834,0.14200974029579724,0.08964918900734115,0.07771900435486975,0.6111686235601463,0.4767743746116927,0.4293310965296189,3.75e-4,0,0,0.999625,1,1,lower under Anchor,lower under Anchor,lower under Anchor,below 1,below 1,below 1,TRUE,TRUE
mistral,DC connectors,mistral__DC connectors,ANCHOR_EXAMPLE,ANCHOR_EXAMPLE vs CONTEXT,0.42607598121349755,0.20654249200086852,0.14646157295927534,0.19062540935772843,0.07870770670826045,0.049619419721854074,1.0190341701965473,0.5943719449386665,0.44544225400403903,0.0265,0.0025,3.75e-4,0.9735,0.9975,0.999625,uncertain,lower under Anchor,lower under Anchor,below 1,below 1,below 1,TRUE,FALSE
mistral,DC connectors,mistral__DC connectors,ANCHOR_WORD,ANCHOR_WORD vs CONTEXT,1.3245475832074103,1.0299274213419336,0.8146440851823129,0.49731374523148125,0.28968074658356296,0.19471771556405465,4.001231453641081,4.9397300621161735,5.322088447593387,0.7055,0.515125,0.398375,0.2945,0.484875,0.601625,uncertain,uncertain,uncertain,above 1,above 1,below 1,FALSE,TRUE
mistral,DC connectors,mistral__DC connectors,ANCHOR_NUM_HIGH,ANCHOR_NUM_HIGH vs CONTEXT,0.08759101605274866,0.03431569244101487,0.022497674198559782,0.0412027030155581,0.012858708791326444,0.007227017078126324,0.18319459596603968,0.08333719086693996,0.062444495457067865,0,0,0,1,1,1,lower under Anchor,lower under Anchor,lower under Anchor,below 1,below 1,below 1,TRUE,TRUE
mistral,DC connectors,mistral__DC connectors,ANCHOR_NUM_LOW,ANCHOR_NUM_LOW vs CONTEXT,0.07918617839078647,0.029775030907263602,0.019306125138425768,0.03718890362041827,0.010799631210392041,0.00618125648095073,0.1637900403532258,0.07453589355308331,0.051696278158786274,0,0,0,1,1,1,lower under Anchor,lower under Anchor,lower under Anchor,below 1,below 1,below 1,TRUE,TRUE
mistral,DC measurement device,mistral__DC measurement device,ANCHOR_EXAMPLE,ANCHOR_EXAMPLE vs CONTEXT,0.6066654117562884,0.476908045247282,0.43842292348182144,0.27685609969552866,0.19382770506850427,0.1645202864731423,1.2874349365029212,1.0984162823714747,1.065046177901435,0.095,0.04025,0.035375,0.905,0.95975,0.964625,uncertain,uncertain,uncertain,below 1,below 1,below 1,TRUE,TRUE
mistral,DC measurement device,mistral__DC measurement device,ANCHOR_WORD,ANCHOR_WORD vs CONTEXT,0.3847268506516406,0.26190786727288795,0.22701917169700164,0.1632316812444099,0.08692689420071611,0.067398725336568,0.8556699618952289,0.6679614404332581,0.5890828866761983,0.00875,0.00225,0.001,0.99125,0.99775,0.999,lower under Anchor,lower under Anchor,lower under Anchor,below 1,below 1,below 1,TRUE,TRUE
mistral,DC measurement device,mistral__DC measurement device,ANCHOR_NUM_HIGH,ANCHOR_NUM_HIGH vs CONTEXT,0.2262752377255261,0.09846012151165501,0.06077078575502684,0.08674664775849572,0.02043113443951104,0.0072457082791348906,0.5340013953098318,0.325099870140943,0.2491411130621095,1.25e-4,0,0,0.999875,1,1,lower under Anchor,lower under Anchor,lower under Anchor,below 1,below 1,below 1,TRUE,TRUE
mistral,DC measurement device,mistral__DC measurement device,ANCHOR_NUM_LOW,ANCHOR_NUM_LOW vs CONTEXT,0.3304672151289609,0.20214543145744385,0.16514412072553353,0.1303670966282377,0.05860625441157413,0.04117292393786333,0.7501208436946754,0.5376485983707213,0.48093335320918623,0.003,5e-4,2.5e-4,0.997,0.9995,0.99975,lower under Anchor,lower under Anchor,lower under Anchor,below 1,below 1,below 1,TRUE,TRUE
mistral,DC solution design tool,mistral__DC solution design tool,ANCHOR_EXAMPLE,ANCHOR_EXAMPLE vs CONTEXT,1.141469082978682,1.6456406869015558,3.1530985671936063,0.2847929114507715,0.15962551399160668,0.15254029776561567,5.03936028923171,23.318978804945065,199.68490402835747,0.57,0.652375,0.74575,0.43,0.347625,0.25425,uncertain,uncertain,uncertain,above 1,above 1,above 1,TRUE,TRUE
mistral,DC solution design tool,mistral__DC solution design tool,ANCHOR_WORD,ANCHOR_WORD vs CONTEXT,1.151782848243494,1.6430923477003834,3.3465436108956608,0.3030775741276468,0.15833845636937718,0.14202649578738216,4.612056160188907,26.479920735970953,218.1080862662491,0.575875,0.648625,0.748875,0.424125,0.351375,0.251125,uncertain,uncertain,uncertain,above 1,above 1,above 1,TRUE,TRUE
mistral,DC solution design tool,mistral__DC solution design tool,ANCHOR_NUM_HIGH,ANCHOR_NUM_HIGH vs CONTEXT,1.1608772578639246,1.682104112759042,3.1449384505059292,0.2944350674622147,0.16661166808504801,0.13932399143911792,4.83178662096728,23.34505907467627,204.6260991214517,0.57775,0.65675,0.73725,0.42225,0.34325,0.26275,uncertain,uncertain,uncertain,above 1,above 1,above 1,TRUE,TRUE
mistral,DC solution design tool,mistral__DC solution design tool,ANCHOR_NUM_LOW,ANCHOR_NUM_LOW vs CONTEXT,1.1372398748022128,1.6587114485385381,3.1359981489833113,0.2910036790509923,0.15288409101494602,0.14430873525082216,4.9010308829424405,24.062859955427534,232.7178175049344,0.5775,0.6505,0.742625,0.4225,0.3495,0.257375,uncertain,uncertain,uncertain,above 1,above 1,above 1,TRUE,TRUE
mistral,LVAC-LVDC interlink converter,mistral__LVAC-LVDC interlink converter,ANCHOR_EXAMPLE,ANCHOR_EXAMPLE vs CONTEXT,0.4022893748863866,0.28277648090585655,0.2498523637042263,0.1947354494919161,0.11786542729301476,0.10354996592806465,0.8133326000829889,0.6235615590185154,0.5594117059173731,0.005375,6.25e-4,3.75e-4,0.994625,0.999375,0.999625,lower under Anchor,lower under Anchor,lower under Anchor,below 1,below 1,below 1,TRUE,TRUE
mistral,LVAC-LVDC interlink converter,mistral__LVAC-LVDC interlink converter,ANCHOR_WORD,ANCHOR_WORD vs CONTEXT,0.2765076823792892,0.1720412466635759,0.1459097970158833,0.12658224030438522,0.06543166502284135,0.05312738602698449,0.5721207307915863,0.40327747118851226,0.3731555929220133,1.25e-4,0,0,0.999875,1,1,lower under Anchor,lower under Anchor,lower under Anchor,below 1,below 1,below 1,TRUE,TRUE
mistral,LVAC-LVDC interlink converter,mistral__LVAC-LVDC interlink converter,ANCHOR_NUM_HIGH,ANCHOR_NUM_HIGH vs CONTEXT,0.17924767000097158,0.09138622146677694,0.06808385232521133,0.07927562550282317,0.02800153994488727,0.017262872408154065,0.39309498385953445,0.23392458263029478,0.19990632806411138,0,0,0,1,1,1,lower under Anchor,lower under Anchor,lower under Anchor,below 1,below 1,below 1,TRUE,TRUE
mistral,LVAC-LVDC interlink converter,mistral__LVAC-LVDC interlink converter,ANCHOR_NUM_LOW,ANCHOR_NUM_LOW vs CONTEXT,0.10733902702807621,0.028537459441984075,0.010181738813909193,0.042118780264048805,0.004983596094737297,5.129064124048728e-4,0.2579728995630598,0.10374885736173613,0.06287459130009784,0,0,0,1,1,1,lower under Anchor,lower under Anchor,lower under Anchor,below 1,below 1,below 1,TRUE,TRUE
mistral,Network design tool for DC solutions,mistral__Network design tool for DC solutions,ANCHOR_EXAMPLE,ANCHOR_EXAMPLE vs CONTEXT,1.1309648780480042,1.5794908393496487,2.7850797360707436,0.2838138090990641,0.14790044639937802,0.10531010272358922,4.619899301586916,24.15371627723274,205.05988053822915,0.56575,0.6385,0.707625,0.43425,0.3615,0.292375,uncertain,uncertain,uncertain,above 1,above 1,above 1,TRUE,TRUE
mistral,Network design tool for DC solutions,mistral__Network design tool for DC solutions,ANCHOR_WORD,ANCHOR_WORD vs CONTEXT,1.1454891950753288,1.5551089399184272,2.8432092865047247,0.2908831589940878,0.15719815976570956,0.09908193442276683,4.747775736891885,22.54085702399406,205.02554565795924,0.5815,0.6355,0.70375,0.4185,0.3645,0.29625,uncertain,uncertain,uncertain,above 1,above 1,above 1,TRUE,TRUE
mistral,Network design tool for DC solutions,mistral__Network design tool for DC solutions,ANCHOR_NUM_HIGH,ANCHOR_NUM_HIGH vs CONTEXT,0.6964280381433894,0.400397970258782,0.27402131709629673,0.18712322788093982,0.0536957350184818,0.02483417836938533,2.6976231251925435,4.186164629766192,5.808853734685949,0.30475,0.2145,0.172125,0.69525,0.7855,0.827875,uncertain,uncertain,uncertain,below 1,below 1,below 1,TRUE,TRUE
mistral,Network design tool for DC solutions,mistral__Network design tool for DC solutions,ANCHOR_NUM_LOW,ANCHOR_NUM_LOW vs CONTEXT,1.141348485979223,1.6141858795600017,2.744651965404027,0.297504786405309,0.15048184983406443,0.10148896478701493,4.607239133230519,22.254551281724048,225.75371438924228,0.574875,0.645,0.71075,0.425125,0.355,0.28925,uncertain,uncertain,uncertain,above 1,above 1,above 1,TRUE,TRUE
mistral,Protection DC system design tool,mistral__Protection DC system design tool,ANCHOR_EXAMPLE,ANCHOR_EXAMPLE vs CONTEXT,1.0453977524818077,0.9132630647106035,0.8515374291767601,0.4662609131977743,0.3515680540326814,0.3251689858911006,2.526984621565653,2.6538648426941434,2.733434131821205,0.542125,0.431125,0.39225,0.457875,0.568875,0.60775,uncertain,uncertain,uncertain,above 1,below 1,below 1,FALSE,TRUE
mistral,Protection DC system design tool,mistral__Protection DC system design tool,ANCHOR_WORD,ANCHOR_WORD vs CONTEXT,0.5793518672860984,0.4395989435302269,0.3920529425511327,0.271579407111266,0.18402689139116188,0.16395005898367687,1.3105849987731406,1.0965624828772111,0.9950782328903386,0.091875,0.0385,0.024375,0.908125,0.9615,0.975625,uncertain,uncertain,lower under Anchor,below 1,below 1,below 1,TRUE,FALSE
mistral,Protection DC system design tool,mistral__Protection DC system design tool,ANCHOR_NUM_HIGH,ANCHOR_NUM_HIGH vs CONTEXT,0.2813052744461313,0.19155096534692823,0.167903606741808,0.13931484576672126,0.0836317727427902,0.07246520089595591,0.5816270494351803,0.44357427754273193,0.38953066959733756,3.75e-4,0,0,0.999625,1,1,lower under Anchor,lower under Anchor,lower under Anchor,below 1,below 1,below 1,TRUE,TRUE
mistral,Protection DC system design tool,mistral__Protection DC system design tool,ANCHOR_NUM_LOW,ANCHOR_NUM_LOW vs CONTEXT,0.2805171886959917,0.1903689028007664,0.16665920448023355,0.13753576382346086,0.08441992904778836,0.07112594220655108,0.5802940802721461,0.43186646887650065,0.37915948808115696,2.5e-4,1.25e-4,1.25e-4,0.99975,0.999875,0.999875,lower under Anchor,lower under Anchor,lower under Anchor,below 1,below 1,below 1,TRUE,TRUE
mistral,Semiconductor-based circuit breaker,mistral__Semiconductor-based circuit breaker,ANCHOR_EXAMPLE,ANCHOR_EXAMPLE vs CONTEXT,1.5709410375950101,2.763376678631767,5.701589911581246,0.47102601455824605,0.398206401867354,0.3809171985092002,5.729436791750655,31.451872169437213,286.18594041112306,0.762875,0.8255,0.8785,0.237125,0.1745,0.1215,uncertain,uncertain,uncertain,above 1,above 1,above 1,TRUE,TRUE
mistral,Semiconductor-based circuit breaker,mistral__Semiconductor-based circuit breaker,ANCHOR_WORD,ANCHOR_WORD vs CONTEXT,1.5718196703534213,2.710519036932868,5.702882745979039,0.4706023736777991,0.37867171378897646,0.4006729593173309,5.642943535445415,31.368478889717306,253.3935062277506,0.76275,0.81925,0.880875,0.23725,0.18075,0.119125,uncertain,uncertain,uncertain,above 1,above 1,above 1,TRUE,TRUE
mistral,Semiconductor-based circuit breaker,mistral__Semiconductor-based circuit breaker,ANCHOR_NUM_HIGH,ANCHOR_NUM_HIGH vs CONTEXT,0.4360551339653778,0.2420732942918974,0.18920021829050016,0.15435767578228873,0.0658191495715124,0.04528085175225056,1.3416393496059857,0.9743614262376271,0.8609532920417555,0.0685,0.022625,0.016,0.9315,0.977375,0.984,uncertain,lower under Anchor,lower under Anchor,below 1,below 1,below 1,TRUE,FALSE
mistral,Semiconductor-based circuit breaker,mistral__Semiconductor-based circuit breaker,ANCHOR_NUM_LOW,ANCHOR_NUM_LOW vs CONTEXT,0.3416964718497135,0.18263351078940288,0.14318522465232975,0.1267431651916209,0.05241934964169547,0.03651564725554253,0.9590779283239219,0.6620552738681817,0.5631369354967736,0.020375,0.007,0.00325,0.979625,0.993,0.99675,lower under Anchor,lower under Anchor,lower under Anchor,below 1,below 1,below 1,TRUE,TRUE
mistral,Smart and sustainable DC cables,mistral__Smart and sustainable DC cables,ANCHOR_EXAMPLE,ANCHOR_EXAMPLE vs CONTEXT,0.998216452778393,0.8646265842074761,0.7860974948223509,0.35246105147213924,0.22628373807284155,0.1790077714800866,2.568126708437647,2.581150581324458,2.6003753133822793,0.498875,0.4065,0.35625,0.501125,0.5935,0.64375,uncertain,uncertain,uncertain,below 1,below 1,below 1,TRUE,TRUE
mistral,Smart and sustainable DC cables,mistral__Smart and sustainable DC cables,ANCHOR_WORD,ANCHOR_WORD vs CONTEXT,0.5975286094800542,0.35934174531138235,0.2583719471530604,0.1963130353286569,0.05976278077254931,0.024830089393100722,1.6452571543919012,1.3988972471493566,1.2468133168282127,0.164875,0.0735,0.05,0.835125,0.9265,0.95,uncertain,uncertain,uncertain,below 1,below 1,below 1,TRUE,TRUE
mistral,Smart and sustainable DC cables,mistral__Smart and sustainable DC cables,ANCHOR_NUM_HIGH,ANCHOR_NUM_HIGH vs CONTEXT,0.4366730626769805,0.16923628454286027,0.0665735266324099,0.13611112483563856,0.021334455653911406,0.001699184798919367,1.2809730364871972,0.8361279651962235,0.6318644059938784,0.068625,0.014125,0.005,0.931375,0.985875,0.995,uncertain,lower under Anchor,lower under Anchor,below 1,below 1,below 1,TRUE,FALSE
mistral,Smart and sustainable DC cables,mistral__Smart and sustainable DC cables,ANCHOR_NUM_LOW,ANCHOR_NUM_LOW vs CONTEXT,0.43671235278212217,0.16920037864723336,0.0665984549142685,0.1307649658490517,0.0198179215240054,0.0024300368223720823,1.2540402789689529,0.8839017893373389,0.6014846740208871,0.0655,0.015,0.003625,0.9345,0.985,0.996375,uncertain,lower under Anchor,lower under Anchor,below 1,below 1,below 1,TRUE,FALSE
mistral,Solid-state circuit breaker,mistral__Solid-state circuit breaker,ANCHOR_EXAMPLE,ANCHOR_EXAMPLE vs CONTEXT,1.096488348819062,1.423294048557442,2.468303840655206,0.27695102888214185,0.11524693644893405,0.08038577285964357,4.464088296836181,22.185267382731244,188.99085452669908,0.555875,0.60425,0.675875,0.444125,0.39575,0.324125,uncertain,uncertain,uncertain,above 1,above 1,above 1,TRUE,TRUE
mistral,Solid-state circuit breaker,mistral__Solid-state circuit breaker,ANCHOR_WORD,ANCHOR_WORD vs CONTEXT,1.1070853961571498,1.433956418382183,2.4281627135610764,0.26779364747788065,0.12242124983857643,0.08239552561809328,4.646228026784276,22.26598098926798,195.60995917967233,0.550875,0.6055,0.67275,0.449125,0.3945,0.32725,uncertain,uncertain,uncertain,above 1,above 1,above 1,TRUE,TRUE
mistral,Solid-state circuit breaker,mistral__Solid-state circuit breaker,ANCHOR_NUM_HIGH,ANCHOR_NUM_HIGH vs CONTEXT,1.095888728865957,1.4831467914035494,2.4394937109243657,0.2668627062276644,0.11896871392016786,0.0820916986237779,4.595744758413824,21.899909190653997,217.73697582679927,0.55075,0.614,0.6785,0.44925,0.386,0.3215,uncertain,uncertain,uncertain,above 1,above 1,above 1,TRUE,TRUE
mistral,Solid-state circuit breaker,mistral__Solid-state circuit breaker,ANCHOR_NUM_LOW,ANCHOR_NUM_LOW vs CONTEXT,1.0936922546108292,1.4098780976023462,2.4477859552447505,0.26551654132196223,0.11757364152785665,0.08745483222770363,4.508157550960881,20.853044140552218,184.84009820491966,0.552875,0.600875,0.687125,0.447125,0.399125,0.312875,uncertain,uncertain,uncertain,above 1,above 1,above 1,TRUE,TRUE
mistral,Static protection system,mistral__Static protection system,ANCHOR_EXAMPLE,ANCHOR_EXAMPLE vs CONTEXT,1.3004996279797336,1.835892280014512,3.2575532454180376,0.35335052177175436,0.2083927839327574,0.14991107092870132,5.287688239893608,25.16509205609896,188.31767389854798,0.648625,0.6925,0.741875,0.351375,0.3075,0.258125,uncertain,uncertain,uncertain,above 1,above 1,above 1,TRUE,TRUE
mistral,Static protection system,mistral__Static protection system,ANCHOR_WORD,ANCHOR_WORD vs CONTEXT,0.8357005442386709,0.5652011765796681,0.3805146893058433,0.24256791587711,0.085312695096342,0.0398531446738241,3.251371138737198,4.9265592118270165,6.813743656377557,0.392625,0.298,0.228375,0.607375,0.702,0.771625,uncertain,uncertain,uncertain,below 1,below 1,below 1,TRUE,TRUE
mistral,Static protection system,mistral__Static protection system,ANCHOR_NUM_HIGH,ANCHOR_NUM_HIGH vs CONTEXT,1.2818447341580685,1.9235955642754208,3.2736218743746788,0.3597985690803624,0.21476443734427647,0.13841804367160757,5.045730152610545,26.683295068830805,215.9693087167552,0.644875,0.694125,0.73825,0.355125,0.305875,0.26175,uncertain,uncertain,uncertain,above 1,above 1,above 1,TRUE,TRUE
mistral,Static protection system,mistral__Static protection system,ANCHOR_NUM_LOW,ANCHOR_NUM_LOW vs CONTEXT,0.2842947564267694,0.10374120333280483,0.06243693170657211,0.09196730386227922,0.021933162929251234,0.010144387885416844,0.9294627502983702,0.4953522065069196,0.3452369457875144,0.019875,0.002125,0.001875,0.980125,0.997875,0.998125,lower under Anchor,lower under Anchor,lower under Anchor,below 1,below 1,below 1,TRUE,TRUE
phi4,DC-DC converter,phi4__DC-DC converter,ANCHOR_EXAMPLE,ANCHOR_EXAMPLE vs CONTEXT,1.1009366506040328,1.409096592175537,2.449448188102669,0.27199661992013124,0.12302677533542306,0.08654876900569274,4.635154817618718,21.435764817931855,189.61929010339466,0.55175,0.6055,0.677,0.44825,0.3945,0.323,uncertain,uncertain,uncertain,above 1,above 1,above 1,TRUE,TRUE
phi4,DC-DC converter,phi4__DC-DC converter,ANCHOR_WORD,ANCHOR_WORD vs CONTEXT,1.0947328144761395,1.3932764681974708,2.39030609896046,0.27326089053769387,0.12815595628970355,0.08447742641748739,4.775539579033272,22.404204873210357,195.86550947733127,0.55025,0.600875,0.676125,0.44975,0.399125,0.323875,uncertain,uncertain,uncertain,above 1,above 1,above 1,TRUE,TRUE
phi4,DC-DC converter,phi4__DC-DC converter,ANCHOR_NUM_HIGH,ANCHOR_NUM_HIGH vs CONTEXT,1.0996341429507008,1.385328980883691,2.4194503092737616,0.28185163093311105,0.11700768830343762,0.08513078014566228,4.383163578961564,23.59072400902219,208.7787000176592,0.55325,0.602125,0.67325,0.44675,0.397875,0.32675,uncertain,uncertain,uncertain,above 1,above 1,above 1,TRUE,TRUE
phi4,DC-DC converter,phi4__DC-DC converter,ANCHOR_NUM_LOW,ANCHOR_NUM_LOW vs CONTEXT,1.0931883518413281,1.4217762882859681,2.5220400543111414,0.28726657565479063,0.11861170690821254,0.07999771182710609,4.444075259617528,22.59895721254945,184.75090419278214,0.5505,0.5995,0.675375,0.4495,0.4005,0.324625,uncertain,uncertain,uncertain,above 1,above 1,above 1,TRUE,TRUE
phi4,DC connectors,phi4__DC connectors,ANCHOR_EXAMPLE,ANCHOR_EXAMPLE vs CONTEXT,0.548014265089575,0.5041342185679318,0.5081902953125025,0.24996938184743459,0.21393871332261727,0.2097336806028645,1.2826997581012485,1.2696004452984566,1.297845583186435,0.07575,0.0715,0.0735,0.92425,0.9285,0.9265,uncertain,uncertain,uncertain,below 1,below 1,below 1,TRUE,TRUE
phi4,DC connectors,phi4__DC connectors,ANCHOR_WORD,ANCHOR_WORD vs CONTEXT,2.763668760832653,7.135428166633282,18.259173236643754,0.9816161859158855,1.5150523707320487,2.1609783609062383,8.945092132089764,55.91172401545388,612.0432093673163,0.972375,0.995375,0.997875,0.027625,0.004625,0.002125,uncertain,higher under Anchor,higher under Anchor,above 1,above 1,above 1,TRUE,FALSE
phi4,DC connectors,phi4__DC connectors,ANCHOR_NUM_HIGH,ANCHOR_NUM_HIGH vs CONTEXT,1.2995995509437182,1.5487396481327531,1.6862920300674116,0.5326730361976824,0.5333786436475367,0.5369513298253838,3.50577384220296,5.482035567317157,7.522515264194804,0.706125,0.773625,0.808,0.293875,0.226375,0.192,uncertain,uncertain,uncertain,above 1,above 1,above 1,TRUE,TRUE
phi4,DC connectors,phi4__DC connectors,ANCHOR_NUM_LOW,ANCHOR_NUM_LOW vs CONTEXT,2.091894072080369,3.6106749358893144,5.045998115998714,0.8054048150194003,0.9563891121031085,1.1100759883526705,6.264026700523142,20.70771600540765,51.31670546965539,0.926875,0.971625,0.985,0.073125,0.028375,0.015,uncertain,uncertain,higher under Anchor,above 1,above 1,above 1,TRUE,FALSE
phi4,DC measurement device,phi4__DC measurement device,ANCHOR_EXAMPLE,ANCHOR_EXAMPLE vs CONTEXT,0.5331437909023299,0.4741532962624204,0.4674247558674064,0.26184786297761126,0.21003967791539505,0.20190239183583397,1.0451335672982982,1.0198842028942978,1.0157264114614923,0.035,0.029125,0.027375,0.965,0.970875,0.972625,uncertain,uncertain,uncertain,below 1,below 1,below 1,TRUE,TRUE
phi4,DC measurement device,phi4__DC measurement device,ANCHOR_WORD,ANCHOR_WORD vs CONTEXT,4.46360497769569,8.085328567020246,10.583109161298188,1.9664136773921672,2.8433852087151963,3.239857320195871,11.233667551615598,30.23173034625854,53.02131075559086,0.999875,1,1,1.25e-4,0,0,higher under Anchor,higher under Anchor,higher under Anchor,above 1,above 1,above 1,TRUE,TRUE
phi4,DC measurement device,phi4__DC measurement device,ANCHOR_NUM_HIGH,ANCHOR_NUM_HIGH vs CONTEXT,1.4501632495259058,1.586190550534051,1.6072126551786567,0.7003990893202562,0.7316629657406174,0.7233537724748722,3.0043059021530674,3.5858769890527147,3.7202753682013676,0.84175,0.8705,0.875875,0.15825,0.1295,0.124125,uncertain,uncertain,uncertain,above 1,above 1,above 1,TRUE,TRUE
phi4,DC measurement device,phi4__DC measurement device,ANCHOR_NUM_LOW,ANCHOR_NUM_LOW vs CONTEXT,0.4716277377070197,0.4168376877373451,0.40131230859519784,0.23426110228721758,0.184360537026725,0.17284284232132852,0.9521622064048806,0.9003701306281247,0.8857115410701506,0.018625,0.012875,0.012125,0.981375,0.987125,0.987875,lower under Anchor,lower under Anchor,lower under Anchor,below 1,below 1,below 1,TRUE,TRUE
phi4,DC solution design tool,phi4__DC solution design tool,ANCHOR_EXAMPLE,ANCHOR_EXAMPLE vs CONTEXT,1.0785999639141255,1.428320991991464,2.386927295587588,0.27355335220237975,0.1243853960028237,0.07430871331813646,4.578861325109185,21.81344867540837,198.9373291936586,0.542375,0.6025,0.67275,0.457625,0.3975,0.32725,uncertain,uncertain,uncertain,above 1,above 1,above 1,TRUE,TRUE
phi4,DC solution design tool,phi4__DC solution design tool,ANCHOR_WORD,ANCHOR_WORD vs CONTEXT,1.0817580872007984,1.4223295956935602,2.4406655849155596,0.26938533083864913,0.13210954231502328,0.08443110547697628,4.517403542081618,22.407652176215343,189.4073944548523,0.541875,0.607625,0.673375,0.458125,0.392375,0.326625,uncertain,uncertain,uncertain,above 1,above 1,above 1,TRUE,TRUE
phi4,DC solution design tool,phi4__DC solution design tool,ANCHOR_NUM_HIGH,ANCHOR_NUM_HIGH vs CONTEXT,1.096049797459319,1.38302497264727,2.387569875486872,0.27923117509050405,0.11608600866159452,0.08024959991084227,4.419805772839332,21.609391978284958,192.56601830180293,0.548875,0.60125,0.673875,0.451125,0.39875,0.326125,uncertain,uncertain,uncertain,above 1,above 1,above 1,TRUE,TRUE
phi4,DC solution design tool,phi4__DC solution design tool,ANCHOR_NUM_LOW,ANCHOR_NUM_LOW vs CONTEXT,1.0910911663010947,1.4416872256791953,2.453005754561439,0.2692267672877791,0.1276930612362899,0.07790393605965922,4.302301898818663,22.925054822426194,194.69138525098305,0.549625,0.609,0.67575,0.450375,0.391,0.32425,uncertain,uncertain,uncertain,above 1,above 1,above 1,TRUE,TRUE
phi4,LVAC-LVDC interlink converter,phi4__LVAC-LVDC interlink converter,ANCHOR_EXAMPLE,ANCHOR_EXAMPLE vs CONTEXT,0.6984963762135985,0.6481043381953357,0.6466926596407899,0.3081246628833093,0.26814066178138796,0.2617206114782786,1.6746211859050426,1.7405209948971365,1.6923684822394878,0.196375,0.187875,0.182875,0.803625,0.812125,0.817125,uncertain,uncertain,uncertain,below 1,below 1,below 1,TRUE,TRUE
phi4,LVAC-LVDC interlink converter,phi4__LVAC-LVDC interlink converter,ANCHOR_WORD,ANCHOR_WORD vs CONTEXT,2.9182257188058944,7.609197334114563,19.3233885871335,1.0850679524650038,1.5787768860660223,2.2180903481713545,8.9607386668681,66.39133444730359,592.7629543531848,0.984375,0.99525,0.998875,0.015625,0.00475,0.001125,higher under Anchor,higher under Anchor,higher under Anchor,above 1,above 1,above 1,TRUE,TRUE
phi4,LVAC-LVDC interlink converter,phi4__LVAC-LVDC interlink converter,ANCHOR_NUM_HIGH,ANCHOR_NUM_HIGH vs CONTEXT,1.4280301000296354,1.6721721138318155,1.7990369461674869,0.5943959126258592,0.574499682332396,0.5677947527126982,3.756216853933821,6.143960382397334,7.691252245349235,0.77725,0.824,0.82825,0.22275,0.176,0.17175,uncertain,uncertain,uncertain,above 1,above 1,above 1,TRUE,TRUE
phi4,LVAC-LVDC interlink converter,phi4__LVAC-LVDC interlink converter,ANCHOR_NUM_LOW,ANCHOR_NUM_LOW vs CONTEXT,0.6075150024029501,0.5517868531588672,0.5438179199547277,0.28144461008875815,0.23145886761563972,0.2283095758383095,1.3893397347913532,1.3512717244379036,1.4014008892663805,0.108125,0.097,0.09725,0.891875,0.903,0.90275,uncertain,uncertain,uncertain,below 1,below 1,below 1,TRUE,TRUE
phi4,Network design tool for DC solutions,phi4__Network design tool for DC solutions,ANCHOR_EXAMPLE,ANCHOR_EXAMPLE vs CONTEXT,0.5439942995446636,0.2610821237032837,0.15416614239760135,0.16595080129076273,0.04705124664946148,0.02102159315490178,1.9023945925853356,1.7466766453691818,1.3375831677789243,0.1655,0.07775,0.042125,0.8345,0.92225,0.957875,uncertain,uncertain,uncertain,below 1,below 1,below 1,TRUE,TRUE
phi4,Network design tool for DC solutions,phi4__Network design tool for DC solutions,ANCHOR_WORD,ANCHOR_WORD vs CONTEXT,1.2509027574071987,1.9188821304338237,3.304972845957824,0.33679323706839437,0.19955680419109847,0.15131065661319065,5.0176878826666815,26.535886349408877,232.0233860789821,0.624,0.694375,0.75175,0.376,0.305625,0.24825,uncertain,uncertain,uncertain,above 1,above 1,above 1,TRUE,TRUE
phi4,Network design tool for DC solutions,phi4__Network design tool for DC solutions,ANCHOR_NUM_HIGH,ANCHOR_NUM_HIGH vs CONTEXT,1.2639134823631875,1.807934957671986,3.2258290099153824,0.3450196118725983,0.20129092259166437,0.1573206222880505,4.9736784251806005,24.025332251557217,205.9991739959493,0.63,0.69325,0.749875,0.37,0.30675,0.250125,uncertain,uncertain,uncertain,above 1,above 1,above 1,TRUE,TRUE
phi4,Network design tool for DC solutions,phi4__Network design tool for DC solutions,ANCHOR_NUM_LOW,ANCHOR_NUM_LOW vs CONTEXT,0.5442737608495459,0.2555099879068947,0.15552750018101547,0.1603924034706633,0.04684395189895956,0.02026883530866161,2.0708160908744953,1.755119923232434,1.3256570516455652,0.17675,0.08025,0.0415,0.82325,0.91975,0.9585,uncertain,uncertain,uncertain,below 1,below 1,below 1,TRUE,TRUE
phi4,Protection DC system design tool,phi4__Protection DC system design tool,ANCHOR_EXAMPLE,ANCHOR_EXAMPLE vs CONTEXT,0.8573184376888776,0.5872741275825892,0.3917350608384679,0.252889383881636,0.08944080724833213,0.04080856659898505,3.1681091397569365,5.350024848801044,6.8885463112242835,0.40375,0.30375,0.24525,0.59625,0.69625,0.75475,uncertain,uncertain,uncertain,below 1,below 1,below 1,TRUE,TRUE
phi4,Protection DC system design tool,phi4__Protection DC system design tool,ANCHOR_WORD,ANCHOR_WORD vs CONTEXT,1.327958919343399,1.9034998568689856,3.225165543314527,0.36665463565907774,0.2213207291946488,0.13734752655162605,5.116126646636463,23.540435585622937,226.94491987008283,0.655875,0.706875,0.7425,0.344125,0.293125,0.2575,uncertain,uncertain,uncertain,above 1,above 1,above 1,TRUE,TRUE
phi4,Protection DC system design tool,phi4__Protection DC system design tool,ANCHOR_NUM_HIGH,ANCHOR_NUM_HIGH vs CONTEXT,1.3251600969893995,1.8578350481592834,3.2904704630501556,0.3647165842339088,0.2106335278438635,0.14166696860174516,4.996822534555899,22.99852386944241,214.84627693145316,0.66675,0.70525,0.745,0.33325,0.29475,0.255,uncertain,uncertain,uncertain,above 1,above 1,above 1,TRUE,TRUE
phi4,Protection DC system design tool,phi4__Protection DC system design tool,ANCHOR_NUM_LOW,ANCHOR_NUM_LOW vs CONTEXT,0.22776509268556994,0.08004897933735602,0.04801709242916538,0.0770001582417809,0.01916769752245214,0.007866889034575207,0.6982489465749241,0.32117185731422354,0.24738735462456252,0.006,2.5e-4,1.25e-4,0.994,0.99975,0.999875,lower under Anchor,lower under Anchor,lower under Anchor,below 1,below 1,below 1,TRUE,TRUE
phi4,Semiconductor-based circuit breaker,phi4__Semiconductor-based circuit breaker,ANCHOR_EXAMPLE,ANCHOR_EXAMPLE vs CONTEXT,1.071371633942886,1.4511604724706724,2.3974647836642893,0.2692073813262655,0.1258606520688863,0.08632443348503649,4.406830420587481,23.529452511520667,198.52716857654127,0.54025,0.597375,0.67025,0.45975,0.402625,0.32975,uncertain,uncertain,uncertain,above 1,above 1,above 1,TRUE,TRUE
phi4,Semiconductor-based circuit breaker,phi4__Semiconductor-based circuit breaker,ANCHOR_WORD,ANCHOR_WORD vs CONTEXT,1.0887110867153882,1.3965157033230828,2.489830193742831,0.2617804777877402,0.11607307337876147,0.07725061857744428,4.515597579537716,21.165489793438454,190.65462239990308,0.5455,0.602,0.680625,0.4545,0.398,0.319375,uncertain,uncertain,uncertain,above 1,above 1,above 1,TRUE,TRUE
phi4,Semiconductor-based circuit breaker,phi4__Semiconductor-based circuit breaker,ANCHOR_NUM_HIGH,ANCHOR_NUM_HIGH vs CONTEXT,1.0766515006198711,1.416592322301316,2.4876012616777006,0.26935576509804693,0.11955093424602434,0.07955512698604388,4.504075719294919,21.506981797006993,195.917664252161,0.547,0.60775,0.678375,0.453,0.39225,0.321625,uncertain,uncertain,uncertain,above 1,above 1,above 1,TRUE,TRUE
phi4,Semiconductor-based circuit breaker,phi4__Semiconductor-based circuit breaker,ANCHOR_NUM_LOW,ANCHOR_NUM_LOW vs CONTEXT,1.0955065168793268,1.3813052639742076,2.417952347029551,0.2719114460243473,0.12169921675715123,0.08276161780952491,4.7033157155923515,22.68357372491924,183.04315024179937,0.546875,0.595875,0.673,0.453125,0.404125,0.327,uncertain,uncertain,uncertain,above 1,above 1,above 1,TRUE,TRUE
phi4,Smart and sustainable DC cables,phi4__Smart and sustainable DC cables,ANCHOR_EXAMPLE,ANCHOR_EXAMPLE vs CONTEXT,1.3666302599419486,1.9905244833600921,3.3833127770065685,0.38126486613078026,0.2400715337968973,0.17543787122531923,5.185388512771929,25.860479417517944,253.79568221895934,0.68325,0.717125,0.7655,0.31675,0.282875,0.2345,uncertain,uncertain,uncertain,above 1,above 1,above 1,TRUE,TRUE
phi4,Smart and sustainable DC cables,phi4__Smart and sustainable DC cables,ANCHOR_WORD,ANCHOR_WORD vs CONTEXT,1.332768390457745,1.951444996924293,3.4397757121692365,0.38501093869784525,0.231193008224644,0.16147674805394605,5.16330362514187,27.45629653472569,254.6238955309194,0.66625,0.717,0.760125,0.33375,0.283,0.239875,uncertain,uncertain,uncertain,above 1,above 1,above 1,TRUE,TRUE
phi4,Smart and sustainable DC cables,phi4__Smart and sustainable DC cables,ANCHOR_NUM_HIGH,ANCHOR_NUM_HIGH vs CONTEXT,0.4372382402050131,0.18021159145294924,0.10365604079454592,0.14049510893085226,0.040713503898927285,0.016609407147743963,1.4166032719954822,0.9574390627070183,0.6568212126542252,0.081,0.02175,0.00975,0.919,0.97825,0.99025,uncertain,lower under Anchor,lower under Anchor,below 1,below 1,below 1,TRUE,FALSE
phi4,Smart and sustainable DC cables,phi4__Smart and sustainable DC cables,ANCHOR_NUM_LOW,ANCHOR_NUM_LOW vs CONTEXT,0.3207285941795362,0.12205800329092689,0.0714277887276838,0.10743419115692734,0.02916228083507923,0.012821753866308792,0.9981939877214864,0.5720603914270506,0.38851988399880283,0.025,0.004,0.00125,0.975,0.996,0.99875,lower under Anchor,lower under Anchor,lower under Anchor,below 1,below 1,below 1,TRUE,TRUE
phi4,Solid-state circuit breaker,phi4__Solid-state circuit breaker,ANCHOR_EXAMPLE,ANCHOR_EXAMPLE vs CONTEXT,1.09632225065417,1.3935181096218192,2.503114404591267,0.2703318041183812,0.11794819885344356,0.08629741425373098,4.644096106038358,22.13670842631629,186.8512535121399,0.55375,0.610625,0.676375,0.44625,0.389375,0.323625,uncertain,uncertain,uncertain,above 1,above 1,above 1,TRUE,TRUE
phi4,Solid-state circuit breaker,phi4__Solid-state circuit breaker,ANCHOR_WORD,ANCHOR_WORD vs CONTEXT,1.1095643344060249,1.3770572595636887,2.501446100627667,0.26539357919925466,0.12685667117595684,0.08535032987155834,4.604787761435101,20.99482722373056,198.69602342545417,0.554,0.606375,0.675,0.446,0.393625,0.325,uncertain,uncertain,uncertain,above 1,above 1,above 1,TRUE,TRUE
phi4,Solid-state circuit breaker,phi4__Solid-state circuit breaker,ANCHOR_NUM_HIGH,ANCHOR_NUM_HIGH vs CONTEXT,1.077140723706825,1.420390236863742,2.421982521369255,0.2703308700416796,0.11917829751469697,0.08723642416324565,4.476964038950371,23.535386638170404,186.11279917563485,0.54575,0.600125,0.673375,0.45425,0.399875,0.326625,uncertain,uncertain,uncertain,above 1,above 1,above 1,TRUE,TRUE
phi4,Solid-state circuit breaker,phi4__Solid-state circuit breaker,ANCHOR_NUM_LOW,ANCHOR_NUM_LOW vs CONTEXT,1.1017215881919304,1.413316147451693,2.4478330666942947,0.26266896554280655,0.11879557820658307,0.07688300808530797,4.517959947632774,21.353898457636127,220.211709170876,0.556125,0.60175,0.67025,0.443875,0.39825,0.32975,uncertain,uncertain,uncertain,above 1,above 1,above 1,TRUE,TRUE
phi4,Static protection system,phi4__Static protection system,ANCHOR_EXAMPLE,ANCHOR_EXAMPLE vs CONTEXT,1.0936924162955766,1.4033818689979114,2.4609328670317483,0.2596087593874986,0.12962509870066105,0.08200664864141236,4.690044912514606,21.69402080619612,213.58017909146528,0.5455,0.602875,0.66775,0.4545,0.397125,0.33225,uncertain,uncertain,uncertain,above 1,above 1,above 1,TRUE,TRUE
phi4,Static protection system,phi4__Static protection system,ANCHOR_WORD,ANCHOR_WORD vs CONTEXT,1.0991198233312889,1.454493107116964,2.3510441552808357,0.27562311539907614,0.12215283867325416,0.08446957873485693,4.543554935458571,25.19075684856327,202.72663929654195,0.55225,0.605125,0.6745,0.44775,0.394875,0.3255,uncertain,uncertain,uncertain,above 1,above 1,above 1,TRUE,TRUE
phi4,Static protection system,phi4__Static protection system,ANCHOR_NUM_HIGH,ANCHOR_NUM_HIGH vs CONTEXT,1.1045955691648808,1.4566266188978974,2.5039261947091074,0.2754112771578687,0.12543940412377,0.08457426958199599,4.578564279806999,21.365086966467235,205.86273683141707,0.55075,0.606875,0.68875,0.44925,0.393125,0.31125,uncertain,uncertain,uncertain,above 1,above 1,above 1,TRUE,TRUE
phi4,Static protection system,phi4__Static protection system,ANCHOR_NUM_LOW,ANCHOR_NUM_LOW vs CONTEXT,1.081170910205827,1.4241580178549507,2.360399756380337,0.2711463483356711,0.12997396176010073,0.08776337095312133,4.590986310782376,20.73322717575557,167.27157941564874,0.545625,0.612625,0.676875,0.454375,0.387375,0.323125,uncertain,uncertain,uncertain,above 1,above 1,above 1,TRUE,TRUE
