technology,removed_expert,removed_rating,full_n_experts,full_median,loo_n_experts,loo_median,median_changed
DC connectors,he01,3,23,4.0,22,4.0,False
DC connectors,he02,4,23,4.0,22,4.0,False
DC connectors,he03,4,23,4.0,22,4.0,False
DC connectors,he04,4,23,4.0,22,4.0,False
DC connectors,he05,4,23,4.0,22,4.0,False
DC connectors,he06,3,23,4.0,22,4.0,False
DC connectors,he07,4,23,4.0,22,4.0,False
DC connectors,he08,4,23,4.0,22,4.0,False
DC connectors,he09,4,23,4.0,22,4.0,False
DC connectors,he10,3,23,4.0,22,4.0,False
DC connectors,he11,4,23,4.0,22,4.0,False
DC connectors,he12,4,23,4.0,22,4.0,False
DC connectors,he13,2,23,4.0,22,4.0,False
DC connectors,he14,1,23,4.0,22,4.0,False
DC connectors,he15,4,23,4.0,22,4.0,False
DC connectors,he16,4,23,4.0,22,4.0,False
DC connectors,he17,4,23,4.0,22,4.0,False
DC connectors,he18,3,23,4.0,22,4.0,False
DC connectors,he19,3,23,4.0,22,4.0,False
DC connectors,he20,4,23,4.0,22,4.0,False
DC connectors,he21,4,23,4.0,22,4.0,False
DC connectors,he22,4,23,4.0,22,4.0,False
DC connectors,he23,2,23,4.0,22,4.0,False
DC measurement device,he01,4,11,3.0,10,3.0,False
DC measurement device,he02,3,11,3.0,10,3.0,False
DC measurement device,he03,3,11,3.0,10,3.0,False
DC measurement device,he04,3,11,3.0,10,3.0,False
DC measurement device,he05,3,11,3.0,10,3.0,False
DC measurement device,he06,4,11,3.0,10,3.0,False
DC measurement device,he07,3,11,3.0,10,3.0,False
DC measurement device,he09,3,11,3.0,10,3.0,False
DC measurement device,he10,3,11,3.0,10,3.0,False
DC measurement device,he11,3,11,3.0,10,3.0,False
DC measurement device,he12,4,11,3.0,10,3.0,False
DC solution design tool,he01,4,12,4.0,11,4.0,False
DC solution design tool,he02,3,12,4.0,11,4.0,False
DC solution design tool,he03,4,12,4.0,11,4.0,False
DC solution design tool,he04,4,12,4.0,11,4.0,False
DC solution design tool,he05,4,12,4.0,11,4.0,False
DC solution design tool,he06,4,12,4.0,11,4.0,False
DC solution design tool,he07,4,12,4.0,11,4.0,False
DC solution design tool,he08,4,12,4.0,11,4.0,False
DC solution design tool,he09,4,12,4.0,11,4.0,False
DC solution design tool,he10,3,12,4.0,11,4.0,False
DC solution design tool,he11,3,12,4.0,11,4.0,False
DC solution design tool,he12,3,12,4.0,11,4.0,False
DC-DC converter,he01,4,12,4.0,11,4.0,False
DC-DC converter,he02,3,12,4.0,11,4.0,False
DC-DC converter,he03,4,12,4.0,11,4.0,False
DC-DC converter,he04,4,12,4.0,11,4.0,False
DC-DC converter,he05,4,12,4.0,11,4.0,False
DC-DC converter,he06,4,12,4.0,11,4.0,False
DC-DC converter,he07,4,12,4.0,11,4.0,False
DC-DC converter,he08,4,12,4.0,11,4.0,False
DC-DC converter,he09,4,12,4.0,11,4.0,False
DC-DC converter,he10,3,12,4.0,11,4.0,False
DC-DC converter,he11,4,12,4.0,11,4.0,False
DC-DC converter,he12,4,12,4.0,11,4.0,False
LVAC-LVDC interlink converter,he01,3,23,4.0,22,4.0,False
LVAC-LVDC interlink converter,he02,4,23,4.0,22,4.0,False
LVAC-LVDC interlink converter,he03,4,23,4.0,22,4.0,False
LVAC-LVDC interlink converter,he04,4,23,4.0,22,4.0,False
LVAC-LVDC interlink converter,he05,4,23,4.0,22,4.0,False
LVAC-LVDC interlink converter,he06,4,23,4.0,22,4.0,False
LVAC-LVDC interlink converter,he07,4,23,4.0,22,4.0,False
LVAC-LVDC interlink converter,he08,3,23,4.0,22,4.0,False
LVAC-LVDC interlink converter,he09,4,23,4.0,22,4.0,False
LVAC-LVDC interlink converter,he10,3,23,4.0,22,4.0,False
LVAC-LVDC interlink converter,he11,4,23,4.0,22,4.0,False
LVAC-LVDC interlink converter,he12,4,23,4.0,22,4.0,False
LVAC-LVDC interlink converter,he13,2,23,4.0,22,4.0,False
LVAC-LVDC interlink converter,he14,2,23,4.0,22,4.0,False
LVAC-LVDC interlink converter,he15,4,23,4.0,22,4.0,False
LVAC-LVDC interlink converter,he16,4,23,4.0,22,4.0,False
LVAC-LVDC interlink converter,he17,4,23,4.0,22,4.0,False
LVAC-LVDC interlink converter,he18,4,23,4.0,22,4.0,False
LVAC-LVDC interlink converter,he19,4,23,4.0,22,4.0,False
LVAC-LVDC interlink converter,he20,4,23,4.0,22,4.0,False
LVAC-LVDC interlink converter,he21,4,23,4.0,22,4.0,False
LVAC-LVDC interlink converter,he22,4,23,4.0,22,4.0,False
LVAC-LVDC interlink converter,he23,4,23,4.0,22,4.0,False
Network design tool for DC solutions,he13,4,11,4.0,10,4.0,False
Network design tool for DC solutions,he14,3,11,4.0,10,4.0,False
Network design tool for DC solutions,he15,4,11,4.0,10,4.0,False
Network design tool for DC solutions,he16,4,11,4.0,10,4.0,False
Network design tool for DC solutions,he17,4,11,4.0,10,4.0,False
Network design tool for DC solutions,he18,4,11,4.0,10,4.0,False
Network design tool for DC solutions,he19,4,11,4.0,10,4.0,False
Network design tool for DC solutions,he20,4,11,4.0,10,4.0,False
Network design tool for DC solutions,he21,3,11,4.0,10,4.0,False
Network design tool for DC solutions,he22,3,11,4.0,10,4.0,False
Network design tool for DC solutions,he23,4,11,4.0,10,4.0,False
Protection DC system design tool,he01,4,12,4.0,11,4.0,False
Protection DC system design tool,he02,4,12,4.0,11,4.0,False
Protection DC system design tool,he03,3,12,4.0,11,4.0,False
Protection DC system design tool,he04,4,12,4.0,11,4.0,False
Protection DC system design tool,he05,3,12,4.0,11,4.0,False
Protection DC system design tool,he06,4,12,4.0,11,4.0,False
Protection DC system design tool,he07,4,12,4.0,11,4.0,False
Protection DC system design tool,he08,4,12,4.0,11,4.0,False
Protection DC system design tool,he09,4,12,4.0,11,4.0,False
Protection DC system design tool,he10,4,12,4.0,11,4.0,False
Protection DC system design tool,he11,3,12,4.0,11,4.0,False
Protection DC system design tool,he12,3,12,4.0,11,4.0,False
Semiconductor-based circuit breaker,he01,4,12,4.0,11,4.0,False
Semiconductor-based circuit breaker,he02,4,12,4.0,11,4.0,False
Semiconductor-based circuit breaker,he03,4,12,4.0,11,4.0,False
Semiconductor-based circuit breaker,he04,4,12,4.0,11,4.0,False
Semiconductor-based circuit breaker,he05,4,12,4.0,11,4.0,False
Semiconductor-based circuit breaker,he06,4,12,4.0,11,4.0,False
Semiconductor-based circuit breaker,he07,4,12,4.0,11,4.0,False
Semiconductor-based circuit breaker,he08,4,12,4.0,11,4.0,False
Semiconductor-based circuit breaker,he09,4,12,4.0,11,4.0,False
Semiconductor-based circuit breaker,he10,4,12,4.0,11,4.0,False
Semiconductor-based circuit breaker,he11,4,12,4.0,11,4.0,False
Semiconductor-based circuit breaker,he12,4,12,4.0,11,4.0,False
Smart and sustainable DC cables,he01,3,23,4.0,22,4.0,False
Smart and sustainable DC cables,he02,2,23,4.0,22,4.0,False
Smart and sustainable DC cables,he03,4,23,4.0,22,3.5,True
Smart and sustainable DC cables,he04,3,23,4.0,22,4.0,False
Smart and sustainable DC cables,he05,4,23,4.0,22,3.5,True
Smart and sustainable DC cables,he06,4,23,4.0,22,3.5,True
Smart and sustainable DC cables,he07,4,23,4.0,22,3.5,True
Smart and sustainable DC cables,he08,4,23,4.0,22,3.5,True
Smart and sustainable DC cables,he09,4,23,4.0,22,3.5,True
Smart and sustainable DC cables,he10,3,23,4.0,22,4.0,False
Smart and sustainable DC cables,he11,3,23,4.0,22,4.0,False
Smart and sustainable DC cables,he12,4,23,4.0,22,3.5,True
Smart and sustainable DC cables,he13,1,23,4.0,22,4.0,False
Smart and sustainable DC cables,he14,3,23,4.0,22,4.0,False
Smart and sustainable DC cables,he15,3,23,4.0,22,4.0,False
Smart and sustainable DC cables,he16,4,23,4.0,22,3.5,True
Smart and sustainable DC cables,he17,3,23,4.0,22,4.0,False
Smart and sustainable DC cables,he18,3,23,4.0,22,4.0,False
Smart and sustainable DC cables,he19,4,23,4.0,22,3.5,True
Smart and sustainable DC cables,he20,3,23,4.0,22,4.0,False
Smart and sustainable DC cables,he21,4,23,4.0,22,3.5,True
Smart and sustainable DC cables,he22,4,23,4.0,22,3.5,True
Smart and sustainable DC cables,he23,4,23,4.0,22,3.5,True
Solid-state circuit breaker,he13,4,11,4.0,10,4.0,False
Solid-state circuit breaker,he14,1,11,4.0,10,4.0,False
Solid-state circuit breaker,he15,4,11,4.0,10,4.0,False
Solid-state circuit breaker,he16,4,11,4.0,10,4.0,False
Solid-state circuit breaker,he17,3,11,4.0,10,4.0,False
Solid-state circuit breaker,he18,4,11,4.0,10,4.0,False
Solid-state circuit breaker,he19,4,11,4.0,10,4.0,False
Solid-state circuit breaker,he20,4,11,4.0,10,4.0,False
Solid-state circuit breaker,he21,4,11,4.0,10,4.0,False
Solid-state circuit breaker,he22,4,11,4.0,10,4.0,False
Solid-state circuit breaker,he23,4,11,4.0,10,4.0,False
Static protection system,he01,4,12,4.0,11,4.0,False
Static protection system,he02,4,12,4.0,11,4.0,False
Static protection system,he03,4,12,4.0,11,4.0,False
Static protection system,he04,4,12,4.0,11,4.0,False
Static protection system,he05,4,12,4.0,11,4.0,False
Static protection system,he06,4,12,4.0,11,4.0,False
Static protection system,he07,4,12,4.0,11,4.0,False
Static protection system,he08,4,12,4.0,11,4.0,False
Static protection system,he09,4,12,4.0,11,4.0,False
Static protection system,he10,4,12,4.0,11,4.0,False
Static protection system,he11,4,12,4.0,11,4.0,False
Static protection system,he12,3,12,4.0,11,4.0,False
