Participant ID,How FEASIBLE is the use of DC solutions in the previously described demonstrators?,How IMPORTANT is the use of DC solutions in the previously described demonstrators?,DC-connectors?,Smart and Sustainable DC cables?,Static protection system?,Semiconductor-based circuit-breaker?,Protection DC system design tool?,DC measurement device?,DC-DC converter power distribution unit?,LVAC-LVDC energy router?,DC solutions design tool?,Which of the following do you think are possible barriers to adoption of DC solutions? Select the top 5. ,Smart and sustainable DC cables,DC-connectors,Static protection system,Semiconductor-based circuit-breaker,Protection DC system design tool,DC measurement device,DC-DC converter power distribution unit,LVAC-LVDC energy router,DC solutions design tool,Smart and sustainable DC cables,DC-connectors,Static protection system,Semiconductor-based circuit-breaker,Protection DC system design tool,DC measurement device,DC-DC converter power distribution unit,LVAC-LVDC energy router,DC solutions design tool,Smart and sustainable DC cables,DC-connectors,Static protection system,Protection DC system design tool,Semiconductor-based circuit-breaker,DC measurement device,DC-DC converter power distribution unit,LVAC-LVDC energy router,DC solutions design tool,Are there any other vital barrier(s) not listed? 
,Quiz (Single choice),Quiz (Single choice),Quiz (Single choice),Quiz (Single choice),Quiz (Single choice),Quiz (Single choice),Quiz (Single choice),Quiz (Single choice),Quiz (Single choice),Quiz (Single choice),Quiz (Single choice),Multiple choice (Multiple answer),Quiz (Single choice),Quiz (Single choice),Quiz (Single choice),Quiz (Single choice),Quiz (Single choice),Quiz (Single choice),Quiz (Single choice),Quiz (Single choice),Quiz (Single choice),Quiz (Single choice),Quiz (Single choice),Quiz (Single choice),Quiz (Single choice),Quiz (Single choice),Quiz (Single choice),Quiz (Single choice),Quiz (Single choice),Quiz (Single choice),Quiz (Single choice),Quiz (Single choice),Quiz (Single choice),Quiz (Single choice),Quiz (Single choice),Quiz (Single choice),Quiz (Single choice),Quiz (Single choice),Quiz (Single choice),Word cloud
P1,Feasible,Very Important,Very important,Very important,Very important,Very important,Important,Important,Very important,Very important,Very important,"Power losses, quality, and safety issues; Uncertain utility interaction: net metering, utility ownership, and agreed standards; Misconception and lack of knowledge leads to lengthy/expensive design and permit process; Lack of enough trained personnels in DC systems; High costs of DC solutions",Critical,Moderate,Moderate,Critical,Moderate,Moderate,Very critical,Very critical,Moderate,<2030,<2030,2030,2030,2030,2030,2030,2030,2030,Critical,Critical,Very critical,Very critical,Very critical,Moderate,Critical,Very critical,Critical,
P2,Feasible,Very Important,Very important,Important,Very important,Very important,Very important,Important,Very important,Very important,Very important,Lack of pilot projects; Misconception and lack of knowledge leads to lengthy/expensive design and permit process; Lack of enough trained personnels in DC systems; Uncertain in regulatory roadmap; High costs of DC solutions,Critical,Critical,Critical,Very critical,Moderate,Critical,Moderate,Critical,Moderate,2030,2040,2040,2050,2040,2030,2040,2030,2030,Insignificant,Insignificant,Very critical,Critical,Critical,Critical,Very critical,Very critical,Moderate,
P3,Very feasible,Very Important,Very important,Very important,Important,Very important,Important,Very important,Very important,Very important,Important,"Uncertain utility interaction: net metering, utility ownership, and agreed standards; Public perception of DC and readiness to ‘champion’ installations from DC projects; Misconception and lack of knowledge leads to lengthy/expensive design and permit process; Lack of enough trained personnels in DC systems; Uncertain in regulatory roadmap",,,,,,,,,,,,,,,,,,,,,,,,,,,,
P4,Very feasible,Very Important,Very important,Very important,Very important,Very important,Important,Important,Very important,Very important,Very important,"Uncertain utility interaction: net metering, utility ownership, and agreed standards; Public perception of DC and readiness to ‘champion’ installations from DC projects; Misconception and lack of knowledge leads to lengthy/expensive design and permit process; High costs of DC solutions",Critical,Critical,Very critical,Very critical,Critical,Low,Very critical,Very critical,Moderate,2040,2040,2040,2030,<2030,<2030,<2030,<2030,<2030,Critical,Critical,Moderate,Moderate,Critical,Moderate,Very critical,Very critical,Moderate,
P5,Feasible,Very Important,Important,Very important,Very important,Very important,Very important,Very important,Very important,Very important,Very important,"Lack of use-cases in which DC is advantageous; Uncertain utility interaction: net metering, utility ownership, and agreed standards; Lack of enough trained personnels in DC systems; Uncertain in regulatory roadmap; High costs of DC solutions",Moderate,Moderate,Moderate,Moderate,Moderate,Moderate,Moderate,Moderate,Moderate,<2030,<2030,<2030,<2030,<2030,<2030,<2030,<2030,<2030,Critical,Critical,Moderate,Moderate,Moderate,Critical,Critical,Critical,Moderate,No clear incentive
P6,Feasible,Very Important,Very important,Very important,Very important,Very important,Very important,Important,Very important,Very important,Very important,"Power losses, quality, and safety issues; Uncertain utility interaction: net metering, utility ownership, and agreed standards; Public perception of DC and readiness to ‘champion’ installations from DC projects; Lack of enough trained personnels in DC systems; Uncertain in regulatory roadmap",Moderate,Critical,Critical,Very critical,Very critical,Moderate,Critical,Critical,Critical,2030,<2030,2030,2030,<2030,2030,<2030,<2030,<2030,Moderate,Moderate,Very critical,Very critical,Very critical,Moderate,Very critical,Very critical,Very critical,Lack of clear client- oriented advantages that the adoption of these tech bring so adopters can have a clear perspective
P7,Feasible,Very Important,Important,Important,Very important,Very important,Very important,Important,Important,Important,Important,Lack of pilot projects; Incompatibility of DC systems components; Lack of enough trained personnels in DC systems; Uncertain in regulatory roadmap; High costs of DC solutions,Moderate,Moderate,Critical,Critical,Moderate,Moderate,Moderate,Critical,Moderate,2030,2030,2030,2030,2030,<2030,<2030,2030,<2030,Moderate,Critical,Very critical,Critical,Very critical,Critical,Critical,Critical,Moderate,new technology as such; end-to-end comaprison needed which is much more demanding
P8,Feasible,Important,Very important,Important,Very important,Very important,Important,Important,Very important,Very important,Important,Public perception of DC and readiness to ‘champion’ installations from DC projects; Incompatibility of DC systems components; Misconception and lack of knowledge leads to lengthy/expensive design and permit process; Lack of enough trained personnels in DC systems; High costs of DC solutions,Critical,Very critical,Moderate,Moderate,Critical,Moderate,Moderate,Critical,Moderate,2040,2040,2040,2040,2030,<2030,2030,2040,<2030,Critical,Critical,Critical,Insignificant,Moderate,Moderate,Moderate,Critical,Moderate,End user perspective
