base_model,dc_solution,condition,rating,n_observed,observed_proportion,predicted_mean,predicted_median,predicted_l95,predicted_u95,observed_within_predictive_95,absolute_difference
gemma3,DC connectors,CONTEXT,2,150,0,0.017493333333333333,0.013333333333333334,0,0.05333333333333334,TRUE,0.013333333333333334
gemma3,DC connectors,CONTEXT,3,150,1,0.9497933333333334,0.9533333333333334,0.8933333333333333,0.9866666666666667,FALSE,0.046666666666666634
gemma3,DC connectors,CONTEXT,4,150,0,0.03271333333333334,0.03333333333333333,0.006666666666666667,0.07333333333333333,FALSE,0.03333333333333333
gemma3,DC connectors,ZEROSHOT,2,150,0,4.666666666666659e-5,0,0,0,TRUE,0
gemma3,DC connectors,ZEROSHOT,3,150,0.04666666666666667,0.0849,0.08,0.03333333333333333,0.15333333333333332,TRUE,0.03333333333333333
gemma3,DC connectors,ZEROSHOT,4,150,0.9533333333333334,0.9150533333333334,0.92,0.8466666666666667,0.9666666666666667,TRUE,0.033333333333333326
gemma3,DC measurement device,CONTEXT,2,150,0,0.01372,0.013333333333333334,0,0.04,TRUE,0.013333333333333334
gemma3,DC measurement device,CONTEXT,3,150,0.64,0.60446,0.6066666666666667,0.4866666666666667,0.7133333333333334,TRUE,0.033333333333333326
gemma3,DC measurement device,CONTEXT,4,150,0.36,0.38182,0.38,0.2731666666666666,0.5066666666666667,TRUE,0.020000000000000018
gemma3,DC measurement device,ZEROSHOT,2,150,0,2.533333333333327e-4,0,0,0.006666666666666667,TRUE,0
gemma3,DC measurement device,ZEROSHOT,3,150,0,0.030293333333333335,0.02666666666666667,0,0.07333333333333333,TRUE,0.02666666666666667
gemma3,DC measurement device,ZEROSHOT,4,150,1,0.9694533333333334,0.9733333333333334,0.9266666666666666,1,TRUE,0.026666666666666616
gemma3,DC solution design tool,CONTEXT,2,150,0,0.002573333333333331,0,0,0.02,TRUE,0
gemma3,DC solution design tool,CONTEXT,3,150,0,0.0019266666666666664,0,0,0.013333333333333334,TRUE,0
gemma3,DC solution design tool,CONTEXT,4,150,1,0.9954999999999999,1,0.98,1,TRUE,0
gemma3,DC solution design tool,ZEROSHOT,2,150,0,0.006953333333333334,0.006666666666666667,0,0.02666666666666667,TRUE,0.006666666666666667
gemma3,DC solution design tool,ZEROSHOT,3,150,0,0.005373333333333332,0,0,0.02666666666666667,TRUE,0
gemma3,DC solution design tool,ZEROSHOT,4,150,1,0.9876733333333333,0.9933333333333333,0.96,1,TRUE,0.00666666666666671
gemma3,DC-DC converter,CONTEXT,2,150,0,0.017233333333333333,0.013333333333333334,0,0.05333333333333334,TRUE,0.013333333333333334
gemma3,DC-DC converter,CONTEXT,3,150,1,0.9452533333333333,0.9466666666666667,0.8866666666666667,0.9866666666666667,FALSE,0.053333333333333344
gemma3,DC-DC converter,CONTEXT,4,150,0,0.037513333333333336,0.03333333333333333,0.006666666666666667,0.08666666666666667,FALSE,0.03333333333333333
gemma3,DC-DC converter,ZEROSHOT,2,150,0,1.3333333333333357e-5,0,0,0,TRUE,0
gemma3,DC-DC converter,ZEROSHOT,3,150,0,0.043133333333333336,0.04,0.006666666666666667,0.09333333333333334,FALSE,0.04
gemma3,DC-DC converter,ZEROSHOT,4,150,1,0.9568533333333333,0.96,0.9066666666666666,0.9933333333333333,FALSE,0.040000000000000036
gemma3,LVAC-LVDC interlink converter,CONTEXT,2,150,0,0.014006666666666667,0.013333333333333334,0,0.04666666666666667,TRUE,0.013333333333333334
gemma3,LVAC-LVDC interlink converter,CONTEXT,3,150,1,0.9594933333333333,0.96,0.9066666666666666,0.9933333333333333,FALSE,0.040000000000000036
gemma3,LVAC-LVDC interlink converter,CONTEXT,4,150,0,0.026500000000000003,0.02,0,0.07333333333333333,TRUE,0.02
gemma3,LVAC-LVDC interlink converter,ZEROSHOT,2,150,0,2.0666666666666685e-4,0,0,0.006666666666666667,TRUE,0
gemma3,LVAC-LVDC interlink converter,ZEROSHOT,3,150,0.3333333333333333,0.3629266666666667,0.3633333333333333,0.25333333333333335,0.4666666666666667,TRUE,0.02999999999999997
gemma3,LVAC-LVDC interlink converter,ZEROSHOT,4,150,0.6666666666666666,0.6368666666666667,0.6333333333333333,0.5333333333333333,0.7466666666666667,TRUE,0.033333333333333326
gemma3,Network design tool for DC solutions,CONTEXT,2,150,0,0.004346666666666668,0,0,0.02,TRUE,0
gemma3,Network design tool for DC solutions,CONTEXT,3,150,0.24666666666666667,0.24292666666666668,0.24,0.15333333333333332,0.3468333333333332,TRUE,0.006666666666666682
gemma3,Network design tool for DC solutions,CONTEXT,4,150,0.7533333333333333,0.7527266666666667,0.7533333333333333,0.6466666666666666,0.84,TRUE,0
gemma3,Network design tool for DC solutions,ZEROSHOT,2,150,0,0.005220000000000001,0,0,0.02,TRUE,0
gemma3,Network design tool for DC solutions,ZEROSHOT,3,150,0.26,0.2672733333333333,0.26666666666666666,0.16666666666666666,0.36666666666666664,TRUE,0.006666666666666654
gemma3,Network design tool for DC solutions,ZEROSHOT,4,150,0.74,0.7275066666666666,0.7266666666666667,0.6266666666666667,0.8266666666666667,TRUE,0.013333333333333308
gemma3,Protection DC system design tool,CONTEXT,2,150,0,7.999999999999983e-5,0,0,0,TRUE,0
gemma3,Protection DC system design tool,CONTEXT,3,150,0,0.013613333333333333,0.013333333333333334,0,0.04666666666666667,TRUE,0.013333333333333334
gemma3,Protection DC system design tool,CONTEXT,4,150,1,0.9863066666666667,0.9866666666666667,0.9533333333333334,1,TRUE,0.013333333333333308
gemma3,Protection DC system design tool,ZEROSHOT,2,150,0,0.008486666666666667,0.006666666666666667,0,0.03333333333333333,TRUE,0.006666666666666667
gemma3,Protection DC system design tool,ZEROSHOT,3,150,0.5733333333333334,0.5559333333333333,0.5533333333333333,0.44,0.66,TRUE,0.020000000000000018
gemma3,Protection DC system design tool,ZEROSHOT,4,150,0.4266666666666667,0.43558,0.43333333333333335,0.3333333333333333,0.5466666666666666,TRUE,0.006666666666666654
gemma3,Semiconductor-based circuit breaker,CONTEXT,2,150,0,0.002386666666666667,0,0,0.02,TRUE,0
gemma3,Semiconductor-based circuit breaker,CONTEXT,3,150,0,0.001966666666666667,0,0,0.013333333333333334,TRUE,0
gemma3,Semiconductor-based circuit breaker,CONTEXT,4,150,1,0.9956466666666667,1,0.98,1,TRUE,0
gemma3,Semiconductor-based circuit breaker,ZEROSHOT,2,150,0,0.00678,0.006666666666666667,0,0.02666666666666667,TRUE,0.006666666666666667
gemma3,Semiconductor-based circuit breaker,ZEROSHOT,3,150,0,0.0053933333333333324,0,0,0.02666666666666667,TRUE,0
gemma3,Semiconductor-based circuit breaker,ZEROSHOT,4,150,1,0.9878266666666666,0.9933333333333333,0.96,1,TRUE,0.00666666666666671
gemma3,Smart and sustainable DC cables,CONTEXT,2,150,0,4.53333333333333e-4,0,0,0.006666666666666667,TRUE,0
gemma3,Smart and sustainable DC cables,CONTEXT,3,150,0,0.008726666666666669,0.006666666666666667,0,0.03333333333333333,TRUE,0.006666666666666667
gemma3,Smart and sustainable DC cables,CONTEXT,4,150,1,0.99082,0.9933333333333333,0.9664999999999999,1,TRUE,0.00666666666666671
gemma3,Smart and sustainable DC cables,ZEROSHOT,2,150,0,0.008320000000000001,0.006666666666666667,0,0.03333333333333333,TRUE,0.006666666666666667
gemma3,Smart and sustainable DC cables,ZEROSHOT,3,150,0.15333333333333332,0.14716,0.14666666666666667,0.07333333333333333,0.23333333333333334,TRUE,0.006666666666666654
gemma3,Smart and sustainable DC cables,ZEROSHOT,4,150,0.8466666666666667,0.84452,0.8466666666666667,0.76,0.9133333333333333,TRUE,0
gemma3,Solid-state circuit breaker,CONTEXT,2,150,0,0.0020933333333333338,0,0,0.013333333333333334,TRUE,0
gemma3,Solid-state circuit breaker,CONTEXT,3,150,0,0.0016866666666666668,0,0,0.013333333333333334,TRUE,0
gemma3,Solid-state circuit breaker,CONTEXT,4,150,1,0.99622,1,0.98,1,TRUE,0
gemma3,Solid-state circuit breaker,ZEROSHOT,2,150,0,0.006653333333333335,0.006666666666666667,0,0.026833333333333185,TRUE,0.006666666666666667
gemma3,Solid-state circuit breaker,ZEROSHOT,3,150,0,0.005493333333333334,0,0,0.02666666666666667,TRUE,0
gemma3,Solid-state circuit breaker,ZEROSHOT,4,150,1,0.9878533333333334,0.9933333333333333,0.9533333333333334,1,TRUE,0.00666666666666671
gemma3,Static protection system,CONTEXT,2,150,0,2.6666666666666684e-4,0,0,0.006666666666666667,TRUE,0
gemma3,Static protection system,CONTEXT,3,150,0,0.02186,0.02,0,0.06,TRUE,0.02
gemma3,Static protection system,CONTEXT,4,150,1,0.9778733333333334,0.98,0.94,1,TRUE,0.020000000000000018
gemma3,Static protection system,ZEROSHOT,2,150,0.3333333333333333,0.32255333333333336,0.32,0.2265,0.43333333333333335,TRUE,0.013333333333333308
gemma3,Static protection system,ZEROSHOT,3,150,0.6666666666666666,0.6486866666666666,0.6533333333333333,0.54,0.7466666666666667,TRUE,0.013333333333333308
gemma3,Static protection system,ZEROSHOT,4,150,0,0.02876,0.02666666666666667,0,0.06666666666666667,TRUE,0.02666666666666667
llama,DC connectors,CONTEXT,2,150,0,0.0015133333333333325,0,0,0.006833333333333183,TRUE,0
llama,DC connectors,CONTEXT,3,150,0.66,0.6632733333333334,0.6666666666666666,0.5466666666666666,0.7733333333333333,TRUE,0.006666666666666599
llama,DC connectors,CONTEXT,4,150,0.34,0.3352133333333333,0.3333333333333333,0.22666666666666666,0.44666666666666666,TRUE,0.00666666666666671
llama,DC connectors,ZEROSHOT,2,150,0.006666666666666667,0.011806666666666667,0.006666666666666667,0,0.04,TRUE,0
llama,DC connectors,ZEROSHOT,3,150,0.9533333333333334,0.9385533333333334,0.94,0.88,0.98,TRUE,0.01333333333333342
llama,DC connectors,ZEROSHOT,4,150,0.04,0.049640000000000004,0.04666666666666667,0.013333333333333334,0.10666666666666667,TRUE,0.006666666666666668
llama,DC measurement device,CONTEXT,2,150,0,0.005406666666666666,0,0,0.02666666666666667,TRUE,0
llama,DC measurement device,CONTEXT,3,150,0.92,0.91006,0.9133333333333333,0.8466666666666667,0.9666666666666667,TRUE,0.00666666666666671
llama,DC measurement device,CONTEXT,4,150,0.08,0.08453333333333334,0.08,0.02666666666666667,0.15333333333333332,TRUE,0
llama,DC measurement device,ZEROSHOT,2,150,0,0.004599999999999999,0,0,0.02,TRUE,0
llama,DC measurement device,ZEROSHOT,3,150,0.9,0.8982266666666666,0.9,0.8266666666666667,0.9533333333333334,TRUE,0
llama,DC measurement device,ZEROSHOT,4,150,0.1,0.09717333333333333,0.09333333333333334,0.04,0.17333333333333334,TRUE,0.006666666666666668
llama,DC solution design tool,CONTEXT,2,150,0,0.0022799999999999977,0,0,0.013333333333333334,TRUE,0
llama,DC solution design tool,CONTEXT,3,150,0.7266666666666667,0.7259933333333334,0.7266666666666667,0.62,0.82,TRUE,0
llama,DC solution design tool,CONTEXT,4,150,0.2733333333333333,0.27172666666666667,0.26666666666666666,0.18,0.37349999999999983,TRUE,0.006666666666666654
llama,DC solution design tool,ZEROSHOT,2,150,0,0.006033333333333333,0.006666666666666667,0,0.02666666666666667,TRUE,0.006666666666666667
llama,DC solution design tool,ZEROSHOT,3,150,0.8733333333333333,0.8654733333333333,0.8666666666666667,0.7866666666666666,0.9334999999999999,TRUE,0.006666666666666599
llama,DC solution design tool,ZEROSHOT,4,150,0.12666666666666668,0.12849333333333335,0.12666666666666668,0.06,0.20666666666666667,TRUE,0
llama,DC-DC converter,CONTEXT,2,150,0,0.0036066666666666673,0,0,0.02,TRUE,0
llama,DC-DC converter,CONTEXT,3,150,0.58,0.5781533333333333,0.58,0.47333333333333333,0.68,TRUE,0
llama,DC-DC converter,CONTEXT,4,150,0.42,0.41824,0.42,0.31333333333333335,0.5201666666666666,TRUE,0
llama,DC-DC converter,ZEROSHOT,2,150,0,0.005646666666666667,0.006666666666666667,0,0.02666666666666667,TRUE,0.006666666666666667
llama,DC-DC converter,ZEROSHOT,3,150,0.7,0.6968866666666667,0.6933333333333334,0.5933333333333334,0.7933333333333333,TRUE,0.006666666666666599
llama,DC-DC converter,ZEROSHOT,4,150,0.3,0.29746666666666666,0.3,0.2,0.40016666666666656,TRUE,0
llama,LVAC-LVDC interlink converter,CONTEXT,2,150,0,0.006086666666666667,0.006666666666666667,0,0.02666666666666667,TRUE,0.006666666666666667
llama,LVAC-LVDC interlink converter,CONTEXT,3,150,0.8533333333333334,0.83998,0.84,0.7533333333333333,0.9133333333333333,TRUE,0.01333333333333342
llama,LVAC-LVDC interlink converter,CONTEXT,4,150,0.14666666666666667,0.15393333333333334,0.15333333333333332,0.08666666666666667,0.24,TRUE,0.006666666666666654
llama,LVAC-LVDC interlink converter,ZEROSHOT,2,150,0,0.00396,0,0,0.02,TRUE,0
llama,LVAC-LVDC interlink converter,ZEROSHOT,3,150,0.7733333333333333,0.77484,0.7766666666666666,0.6798333333333334,0.86,TRUE,0.0033333333333332993
llama,LVAC-LVDC interlink converter,ZEROSHOT,4,150,0.22666666666666666,0.2212,0.22,0.13333333333333333,0.3134999999999999,TRUE,0.006666666666666654
llama,Network design tool for DC solutions,CONTEXT,2,150,0,0.003459999999999999,0,0,0.02,TRUE,0
llama,Network design tool for DC solutions,CONTEXT,3,150,0.62,0.6179466666666666,0.62,0.5066666666666667,0.7266666666666667,TRUE,0
llama,Network design tool for DC solutions,CONTEXT,4,150,0.38,0.37859333333333334,0.38,0.2733333333333333,0.49333333333333335,TRUE,0
llama,Network design tool for DC solutions,ZEROSHOT,2,150,0,0.005573333333333333,0.006666666666666667,0,0.02666666666666667,TRUE,0.006666666666666667
llama,Network design tool for DC solutions,ZEROSHOT,3,150,0.7333333333333333,0.7320333333333333,0.7333333333333333,0.6333333333333333,0.8266666666666667,TRUE,0
llama,Network design tool for DC solutions,ZEROSHOT,4,150,0.26666666666666666,0.2623933333333333,0.26,0.17333333333333334,0.36,TRUE,0.006666666666666654
llama,Protection DC system design tool,CONTEXT,2,150,0,0.003213333333333333,0,0,0.013333333333333334,TRUE,0
llama,Protection DC system design tool,CONTEXT,3,150,0.5866666666666667,0.5837066666666667,0.5833333333333333,0.47333333333333333,0.6933333333333334,TRUE,0.0033333333333334103
llama,Protection DC system design tool,CONTEXT,4,150,0.41333333333333333,0.41308,0.41333333333333333,0.30666666666666664,0.5201666666666666,TRUE,0
llama,Protection DC system design tool,ZEROSHOT,2,150,0,0.005513333333333334,0,0,0.02666666666666667,TRUE,0
llama,Protection DC system design tool,ZEROSHOT,3,150,0.7,0.6955,0.7,0.5931666666666667,0.7933333333333333,TRUE,0
llama,Protection DC system design tool,ZEROSHOT,4,150,0.3,0.2989866666666667,0.29333333333333333,0.2,0.4066666666666667,TRUE,0.006666666666666654
llama,Semiconductor-based circuit breaker,CONTEXT,2,150,0,3.466666666666656e-4,0,0,0.006666666666666667,TRUE,0
llama,Semiconductor-based circuit breaker,CONTEXT,3,150,0.30666666666666664,0.3200133333333333,0.32,0.22,0.42683333333333323,TRUE,0.013333333333333364
llama,Semiconductor-based circuit breaker,CONTEXT,4,150,0.6933333333333334,0.67964,0.68,0.5731666666666667,0.78,TRUE,0.013333333333333308
llama,Semiconductor-based circuit breaker,ZEROSHOT,2,150,0.02666666666666667,0.031913333333333335,0.02666666666666667,0,0.08,TRUE,0
llama,Semiconductor-based circuit breaker,ZEROSHOT,3,150,0.9733333333333334,0.9471933333333333,0.9533333333333334,0.8866666666666667,0.9866666666666667,TRUE,0.020000000000000018
llama,Semiconductor-based circuit breaker,ZEROSHOT,4,150,0,0.020893333333333333,0.02,0,0.06,TRUE,0.02
llama,Smart and sustainable DC cables,CONTEXT,2,150,0,0.0038,0,0,0.02,TRUE,0
llama,Smart and sustainable DC cables,CONTEXT,3,150,0.46,0.4544666666666667,0.4533333333333333,0.3398333333333334,0.5666666666666667,TRUE,0.00666666666666671
llama,Smart and sustainable DC cables,CONTEXT,4,150,0.54,0.5417333333333333,0.54,0.42650000000000005,0.6533333333333333,TRUE,0
llama,Smart and sustainable DC cables,ZEROSHOT,2,150,0,0.0055066666666666675,0,0,0.02666666666666667,TRUE,0
llama,Smart and sustainable DC cables,ZEROSHOT,3,150,0.54,0.5388866666666666,0.54,0.43333333333333335,0.6533333333333333,TRUE,0
llama,Smart and sustainable DC cables,ZEROSHOT,4,150,0.46,0.45560666666666666,0.46,0.34,0.56,TRUE,0
llama,Solid-state circuit breaker,CONTEXT,2,150,0,1.266666666666664e-4,0,0,0,TRUE,0
llama,Solid-state circuit breaker,CONTEXT,3,150,0.32,0.3326866666666667,0.3333333333333333,0.23333333333333334,0.4468333333333332,TRUE,0.013333333333333308
llama,Solid-state circuit breaker,CONTEXT,4,150,0.68,0.6671866666666667,0.6666666666666666,0.5531666666666667,0.7666666666666667,TRUE,0.01333333333333342
llama,Solid-state circuit breaker,ZEROSHOT,2,150,0,0.008333333333333333,0.006666666666666667,0,0.03333333333333333,TRUE,0.006666666666666667
llama,Solid-state circuit breaker,ZEROSHOT,3,150,0.9733333333333334,0.94894,0.9533333333333334,0.9,0.9866666666666667,TRUE,0.020000000000000018
llama,Solid-state circuit breaker,ZEROSHOT,4,150,0.02666666666666667,0.04272666666666667,0.04,0.006666666666666667,0.08683333333333319,TRUE,0.013333333333333332
llama,Static protection system,CONTEXT,2,150,0,0.004106666666666667,0,0,0.02,TRUE,0
llama,Static protection system,CONTEXT,3,150,0.42,0.4243133333333333,0.4266666666666667,0.31333333333333335,0.54,TRUE,0.00666666666666671
llama,Static protection system,CONTEXT,4,150,0.58,0.57158,0.5733333333333334,0.45983333333333337,0.6866666666666666,TRUE,0.006666666666666599
llama,Static protection system,ZEROSHOT,2,150,0.14666666666666667,0.14262666666666668,0.14,0.07333333333333333,0.22666666666666666,TRUE,0.006666666666666654
llama,Static protection system,ZEROSHOT,3,150,0.8333333333333334,0.8244133333333333,0.8266666666666667,0.74,0.9,TRUE,0.00666666666666671
llama,Static protection system,ZEROSHOT,4,150,0.02,0.03296,0.03333333333333333,0,0.08,TRUE,0.013333333333333332
mistral,DC connectors,CONTEXT,2,150,0,0.006366666666666667,0.006666666666666667,0,0.02666666666666667,TRUE,0.006666666666666667
mistral,DC connectors,CONTEXT,3,150,0.03333333333333333,0.02504,0.02,0,0.06666666666666667,TRUE,0.013333333333333332
mistral,DC connectors,CONTEXT,4,150,0.9666666666666667,0.9685933333333333,0.9733333333333334,0.92,1,TRUE,0.00666666666666671
mistral,DC connectors,ZEROSHOT,2,150,0,0.003460000000000001,0,0,0.02,TRUE,0
mistral,DC connectors,ZEROSHOT,3,150,0,0.014366666666666666,0.013333333333333334,0,0.04666666666666667,TRUE,0.013333333333333334
mistral,DC connectors,ZEROSHOT,4,150,1,0.9821733333333333,0.9866666666666667,0.9466666666666667,1,TRUE,0.013333333333333308
mistral,DC measurement device,CONTEXT,2,150,0,0.009733333333333333,0.006666666666666667,0,0.04,TRUE,0.006666666666666667
mistral,DC measurement device,CONTEXT,3,150,0.5866666666666667,0.5646066666666667,0.5666666666666667,0.44666666666666666,0.6733333333333333,TRUE,0.020000000000000018
mistral,DC measurement device,CONTEXT,4,150,0.41333333333333333,0.42566,0.4266666666666667,0.31333333333333335,0.54,TRUE,0.013333333333333364
mistral,DC measurement device,ZEROSHOT,2,150,0,0.001260000000000002,0,0,0.006666666666666667,TRUE,0
mistral,DC measurement device,ZEROSHOT,3,150,0.12666666666666668,0.14499333333333334,0.14,0.07333333333333333,0.23333333333333334,TRUE,0.013333333333333336
mistral,DC measurement device,ZEROSHOT,4,150,0.8733333333333333,0.8537466666666667,0.8533333333333334,0.7665000000000001,0.92,TRUE,0.019999999999999907
mistral,DC solution design tool,CONTEXT,2,150,0,0.0013933333333333339,0,0,0.013333333333333334,TRUE,0
mistral,DC solution design tool,CONTEXT,3,150,0.006666666666666667,0.010053333333333333,0.006666666666666667,0,0.03333333333333333,TRUE,0
mistral,DC solution design tool,CONTEXT,4,150,0.9933333333333333,0.9885533333333333,0.9933333333333333,0.96,1,TRUE,0
mistral,DC solution design tool,ZEROSHOT,2,150,0,0.006973333333333334,0.006666666666666667,0,0.02666666666666667,TRUE,0.006666666666666667
mistral,DC solution design tool,ZEROSHOT,3,150,0.04666666666666667,0.04787333333333334,0.04666666666666667,0.013333333333333334,0.09333333333333334,TRUE,0
mistral,DC solution design tool,ZEROSHOT,4,150,0.9533333333333334,0.9451533333333333,0.9466666666666667,0.8866666666666667,0.9866666666666667,TRUE,0.00666666666666671
mistral,DC-DC converter,CONTEXT,2,150,0,0.01022,0.006666666666666667,0,0.04,TRUE,0.006666666666666667
mistral,DC-DC converter,CONTEXT,3,150,0.3333333333333333,0.31198,0.31333333333333335,0.20666666666666667,0.42,TRUE,0.019999999999999962
mistral,DC-DC converter,CONTEXT,4,150,0.6666666666666666,0.6778,0.68,0.5666666666666667,0.78,TRUE,0.01333333333333342
mistral,DC-DC converter,ZEROSHOT,2,150,0,0.0010200000000000007,0,0,0.006666666666666667,TRUE,0
mistral,DC-DC converter,ZEROSHOT,3,150,0.02666666666666667,0.04822,0.04666666666666667,0.013333333333333334,0.1,TRUE,0.02
mistral,DC-DC converter,ZEROSHOT,4,150,0.9733333333333334,0.95076,0.9533333333333334,0.9,0.9866666666666667,TRUE,0.020000000000000018
mistral,LVAC-LVDC interlink converter,CONTEXT,2,150,0,0.0041333333333333335,0,0,0.02666666666666667,TRUE,0
mistral,LVAC-LVDC interlink converter,CONTEXT,3,150,0.35333333333333333,0.34646,0.3466666666666667,0.24666666666666667,0.4533333333333333,TRUE,0.006666666666666654
mistral,LVAC-LVDC interlink converter,CONTEXT,4,150,0.6466666666666666,0.6494066666666667,0.6533333333333333,0.54,0.7533333333333333,TRUE,0.00666666666666671
mistral,LVAC-LVDC interlink converter,ZEROSHOT,2,150,0,0.00542,0,0,0.02666666666666667,TRUE,0
mistral,LVAC-LVDC interlink converter,ZEROSHOT,3,150,0.3933333333333333,0.3942733333333333,0.3933333333333333,0.2866666666666667,0.5,TRUE,0
mistral,LVAC-LVDC interlink converter,ZEROSHOT,4,150,0.6066666666666667,0.6003066666666667,0.6,0.49333333333333335,0.7066666666666667,TRUE,0.00666666666666671
mistral,Network design tool for DC solutions,CONTEXT,2,150,0,0.0025533333333333315,0,0,0.02,TRUE,0
mistral,Network design tool for DC solutions,CONTEXT,3,150,0,0.0016933333333333336,0,0,0.013333333333333334,TRUE,0
mistral,Network design tool for DC solutions,CONTEXT,4,150,1,0.9957533333333334,1,0.9733333333333334,1,TRUE,0
mistral,Network design tool for DC solutions,ZEROSHOT,2,150,0,0.006926666666666666,0.006666666666666667,0,0.02666666666666667,TRUE,0.006666666666666667
mistral,Network design tool for DC solutions,ZEROSHOT,3,150,0,0.005213333333333335,0,0,0.02666666666666667,TRUE,0
mistral,Network design tool for DC solutions,ZEROSHOT,4,150,1,0.98786,0.9933333333333333,0.96,1,TRUE,0.00666666666666671
mistral,Protection DC system design tool,CONTEXT,2,150,0,7.599999999999996e-4,0,0,0.006666666666666667,TRUE,0
mistral,Protection DC system design tool,CONTEXT,3,150,0.13333333333333333,0.13870666666666667,0.14,0.06666666666666667,0.22666666666666666,TRUE,0.006666666666666682
mistral,Protection DC system design tool,CONTEXT,4,150,0.8666666666666667,0.8605333333333334,0.86,0.7733333333333333,0.9333333333333333,TRUE,0.00666666666666671
mistral,Protection DC system design tool,ZEROSHOT,2,150,0,0.008033333333333333,0.006666666666666667,0,0.03333333333333333,TRUE,0.006666666666666667
mistral,Protection DC system design tool,ZEROSHOT,3,150,0.6133333333333333,0.6029266666666667,0.6066666666666667,0.4866666666666667,0.7133333333333334,TRUE,0.006666666666666599
mistral,Protection DC system design tool,ZEROSHOT,4,150,0.38666666666666666,0.38904,0.38666666666666666,0.28,0.5001666666666665,TRUE,0
mistral,Semiconductor-based circuit breaker,CONTEXT,2,150,0,4.666666666666642e-5,0,0,0,TRUE,0
mistral,Semiconductor-based circuit breaker,CONTEXT,3,150,0.02,0.03579333333333334,0.03333333333333333,0.006666666666666667,0.08666666666666667,TRUE,0.013333333333333332
mistral,Semiconductor-based circuit breaker,CONTEXT,4,150,0.98,0.96416,0.9666666666666667,0.9133333333333333,0.9933333333333333,TRUE,0.013333333333333308
mistral,Semiconductor-based circuit breaker,ZEROSHOT,2,150,0,0.007993333333333333,0.006666666666666667,0,0.03333333333333333,TRUE,0.006666666666666667
mistral,Semiconductor-based circuit breaker,ZEROSHOT,3,150,0.8933333333333333,0.8675,0.8733333333333333,0.78,0.9333333333333333,TRUE,0.020000000000000018
mistral,Semiconductor-based circuit breaker,ZEROSHOT,4,150,0.10666666666666667,0.12450666666666667,0.12,0.06,0.20666666666666667,TRUE,0.013333333333333322
mistral,Smart and sustainable DC cables,CONTEXT,2,150,0,0.01034,0.006666666666666667,0,0.04,TRUE,0.006666666666666667
mistral,Smart and sustainable DC cables,CONTEXT,3,150,0.88,0.85552,0.86,0.7733333333333333,0.9266666666666666,TRUE,0.020000000000000018
mistral,Smart and sustainable DC cables,CONTEXT,4,150,0.12,0.13414,0.13333333333333333,0.06666666666666667,0.21333333333333335,TRUE,0.013333333333333336
mistral,Smart and sustainable DC cables,ZEROSHOT,2,150,0,0.0013266666666666667,0,0,0.013333333333333334,TRUE,0
mistral,Smart and sustainable DC cables,ZEROSHOT,3,150,0.43333333333333335,0.44956,0.44666666666666666,0.34,0.5666666666666667,TRUE,0.013333333333333308
mistral,Smart and sustainable DC cables,ZEROSHOT,4,150,0.5666666666666667,0.5491133333333333,0.5533333333333333,0.4266666666666667,0.66,TRUE,0.013333333333333308
mistral,Solid-state circuit breaker,CONTEXT,2,150,0,6.666666666666691e-5,0,0,0,TRUE,0
mistral,Solid-state circuit breaker,CONTEXT,3,150,0,0.014213333333333333,0.013333333333333334,0,0.04666666666666667,TRUE,0.013333333333333334
mistral,Solid-state circuit breaker,CONTEXT,4,150,1,0.98572,0.9866666666666667,0.9533333333333334,1,TRUE,0.013333333333333308
mistral,Solid-state circuit breaker,ZEROSHOT,2,150,0,0.008293333333333335,0.006666666666666667,0,0.04,TRUE,0.006666666666666667
mistral,Solid-state circuit breaker,ZEROSHOT,3,150,0.6533333333333333,0.6350733333333334,0.64,0.5266666666666666,0.74,TRUE,0.013333333333333308
mistral,Solid-state circuit breaker,ZEROSHOT,4,150,0.3466666666666667,0.35663333333333336,0.35333333333333333,0.25333333333333335,0.46,TRUE,0.006666666666666654
mistral,Static protection system,CONTEXT,2,150,0,6.666666666666698e-6,0,0,0,TRUE,0
mistral,Static protection system,CONTEXT,3,150,0,0.019926666666666665,0.02,0,0.05333333333333334,TRUE,0.02
mistral,Static protection system,CONTEXT,4,150,1,0.9800666666666666,0.98,0.9466666666666667,1,TRUE,0.020000000000000018
mistral,Static protection system,ZEROSHOT,2,150,0,0.008473333333333334,0.006666666666666667,0,0.03333333333333333,TRUE,0.006666666666666667
mistral,Static protection system,ZEROSHOT,3,150,0.9666666666666667,0.93348,0.9333333333333333,0.8733333333333333,0.98,TRUE,0.033333333333333326
mistral,Static protection system,ZEROSHOT,4,150,0.03333333333333333,0.05804666666666667,0.05333333333333334,0.013333333333333334,0.11349999999999984,TRUE,0.020000000000000004
phi4,DC connectors,CONTEXT,2,150,0,0.008073333333333332,0.006666666666666667,0,0.03333333333333333,TRUE,0.006666666666666667
phi4,DC connectors,CONTEXT,3,150,0.15333333333333332,0.14082,0.14,0.07333333333333333,0.22,TRUE,0.013333333333333308
phi4,DC connectors,CONTEXT,4,150,0.8466666666666667,0.8511066666666667,0.8533333333333334,0.7733333333333333,0.92,TRUE,0.00666666666666671
phi4,DC connectors,ZEROSHOT,2,150,0,0.0023799999999999997,0,0,0.013333333333333334,TRUE,0
phi4,DC connectors,ZEROSHOT,3,150,0.03333333333333333,0.04944666666666667,0.04666666666666667,0.013333333333333334,0.10666666666666667,TRUE,0.013333333333333336
phi4,DC connectors,ZEROSHOT,4,150,0.9666666666666667,0.9481733333333333,0.9533333333333334,0.8933333333333333,0.9866666666666667,TRUE,0.013333333333333308
phi4,DC measurement device,CONTEXT,2,150,0,0.006373333333333332,0.006666666666666667,0,0.02666666666666667,TRUE,0.006666666666666667
phi4,DC measurement device,CONTEXT,3,150,0.44666666666666666,0.4347,0.43333333333333335,0.32666666666666666,0.5468333333333331,TRUE,0.013333333333333308
phi4,DC measurement device,CONTEXT,4,150,0.5533333333333333,0.5589266666666667,0.56,0.44666666666666666,0.6666666666666666,TRUE,0.00666666666666671
phi4,DC measurement device,ZEROSHOT,2,150,0,0.003746666666666668,0,0,0.02,TRUE,0
phi4,DC measurement device,ZEROSHOT,3,150,0.30666666666666664,0.31327333333333335,0.31333333333333335,0.20666666666666667,0.41349999999999987,TRUE,0.00666666666666671
phi4,DC measurement device,ZEROSHOT,4,150,0.6933333333333334,0.68298,0.68,0.5798333333333333,0.7933333333333333,TRUE,0.013333333333333308
phi4,DC solution design tool,CONTEXT,2,150,0,0.0012066666666666664,0,0,0.006833333333333183,TRUE,0
phi4,DC solution design tool,CONTEXT,3,150,0,0.004546666666666662,0,0,0.02666666666666667,TRUE,0
phi4,DC solution design tool,CONTEXT,4,150,1,0.9942466666666666,1,0.9733333333333334,1,TRUE,0
phi4,DC solution design tool,ZEROSHOT,2,150,0,0.007233333333333333,0.006666666666666667,0,0.03333333333333333,TRUE,0.006666666666666667
phi4,DC solution design tool,ZEROSHOT,3,150,0.02666666666666667,0.026693333333333333,0.02666666666666667,0,0.06666666666666667,TRUE,0
phi4,DC solution design tool,ZEROSHOT,4,150,0.9733333333333334,0.9660733333333333,0.9666666666666667,0.92,0.9933333333333333,TRUE,0.00666666666666671
phi4,DC-DC converter,CONTEXT,2,150,0,0.002520000000000002,0,0,0.013333333333333334,TRUE,0
phi4,DC-DC converter,CONTEXT,3,150,0,0.0016933333333333344,0,0,0.013333333333333334,TRUE,0
phi4,DC-DC converter,CONTEXT,4,150,1,0.9957866666666667,1,0.9733333333333334,1,TRUE,0
phi4,DC-DC converter,ZEROSHOT,2,150,0,0.007213333333333332,0.006666666666666667,0,0.03333333333333333,TRUE,0.006666666666666667
phi4,DC-DC converter,ZEROSHOT,3,150,0,0.0051600000000000005,0,0,0.02666666666666667,TRUE,0
phi4,DC-DC converter,ZEROSHOT,4,150,1,0.9876266666666667,0.9933333333333333,0.9533333333333334,1,TRUE,0.00666666666666671
phi4,LVAC-LVDC interlink converter,CONTEXT,2,150,0,9.800000000000002e-4,0,0,0.006666666666666667,TRUE,0
phi4,LVAC-LVDC interlink converter,CONTEXT,3,150,0.16,0.16686,0.16666666666666666,0.09333333333333334,0.25333333333333335,TRUE,0.006666666666666654
phi4,LVAC-LVDC interlink converter,CONTEXT,4,150,0.84,0.83216,0.8333333333333334,0.7466666666666667,0.9066666666666666,TRUE,0.006666666666666599
phi4,LVAC-LVDC interlink converter,ZEROSHOT,2,150,0,0.00788,0.006666666666666667,0,0.03333333333333333,TRUE,0.006666666666666667
phi4,LVAC-LVDC interlink converter,ZEROSHOT,3,150,0.58,0.5710666666666667,0.5733333333333334,0.46,0.6734999999999999,TRUE,0.006666666666666599
phi4,LVAC-LVDC interlink converter,ZEROSHOT,4,150,0.42,0.42105333333333334,0.42,0.31333333333333335,0.5333333333333333,TRUE,0
phi4,Network design tool for DC solutions,CONTEXT,2,150,0,8.199999999999995e-4,0,0,0.006666666666666667,TRUE,0
phi4,Network design tool for DC solutions,CONTEXT,3,150,0,0.006566666666666666,0.006666666666666667,0,0.03333333333333333,TRUE,0.006666666666666667
phi4,Network design tool for DC solutions,CONTEXT,4,150,1,0.9926133333333333,0.9933333333333333,0.9666666666666667,1,TRUE,0.00666666666666671
phi4,Network design tool for DC solutions,ZEROSHOT,2,150,0,0.007666666666666667,0.006666666666666667,0,0.03333333333333333,TRUE,0.006666666666666667
phi4,Network design tool for DC solutions,ZEROSHOT,3,150,0.05333333333333334,0.05124,0.04666666666666667,0.013333333333333334,0.11333333333333333,TRUE,0.006666666666666668
phi4,Network design tool for DC solutions,ZEROSHOT,4,150,0.9466666666666667,0.9410933333333333,0.9466666666666667,0.88,0.9866666666666667,TRUE,0
phi4,Protection DC system design tool,CONTEXT,2,150,0,8.066666666666658e-4,0,0,0.006666666666666667,TRUE,0
phi4,Protection DC system design tool,CONTEXT,3,150,0,0.005713333333333333,0,0,0.02666666666666667,TRUE,0
phi4,Protection DC system design tool,CONTEXT,4,150,1,0.99348,0.9933333333333333,0.9733333333333334,1,TRUE,0.00666666666666671
phi4,Protection DC system design tool,ZEROSHOT,2,150,0,0.007206666666666667,0.006666666666666667,0,0.03333333333333333,TRUE,0.006666666666666667
phi4,Protection DC system design tool,ZEROSHOT,3,150,0.05333333333333334,0.05041333333333333,0.04666666666666667,0.013333333333333334,0.10666666666666667,TRUE,0.006666666666666668
phi4,Protection DC system design tool,ZEROSHOT,4,150,0.9466666666666667,0.94238,0.9466666666666667,0.88,0.9866666666666667,TRUE,0
phi4,Semiconductor-based circuit breaker,CONTEXT,2,150,0,8.600000000000006e-4,0,0,0.006666666666666667,TRUE,0
phi4,Semiconductor-based circuit breaker,CONTEXT,3,150,0,0.006826666666666665,0.006666666666666667,0,0.02666666666666667,TRUE,0.006666666666666667
phi4,Semiconductor-based circuit breaker,CONTEXT,4,150,1,0.9923133333333334,0.9933333333333333,0.9731666666666667,1,TRUE,0.00666666666666671
phi4,Semiconductor-based circuit breaker,ZEROSHOT,2,150,0,0.007319999999999999,0.006666666666666667,0,0.03333333333333333,TRUE,0.006666666666666667
phi4,Semiconductor-based circuit breaker,ZEROSHOT,3,150,0.06,0.058666666666666666,0.05333333333333334,0.01983333333333334,0.12,TRUE,0.006666666666666661
phi4,Semiconductor-based circuit breaker,ZEROSHOT,4,150,0.94,0.9340133333333334,0.9366666666666666,0.8733333333333333,0.98,TRUE,0.0033333333333332993
phi4,Smart and sustainable DC cables,CONTEXT,2,150,0,0.0024133333333333333,0,0,0.02,TRUE,0
phi4,Smart and sustainable DC cables,CONTEXT,3,150,0,0.001893333333333334,0,0,0.013333333333333334,TRUE,0
phi4,Smart and sustainable DC cables,CONTEXT,4,150,1,0.9956933333333333,1,0.98,1,TRUE,0
phi4,Smart and sustainable DC cables,ZEROSHOT,2,150,0,0.006873333333333333,0.006666666666666667,0,0.02666666666666667,TRUE,0.006666666666666667
phi4,Smart and sustainable DC cables,ZEROSHOT,3,150,0,0.005346666666666665,0,0,0.02666666666666667,TRUE,0
phi4,Smart and sustainable DC cables,ZEROSHOT,4,150,1,0.98778,0.9933333333333333,0.9598333333333332,1,TRUE,0.00666666666666671
phi4,Solid-state circuit breaker,CONTEXT,2,150,0,0.001893333333333334,0,0,0.013333333333333334,TRUE,0
phi4,Solid-state circuit breaker,CONTEXT,3,150,0,0.00264,0,0,0.02,TRUE,0
phi4,Solid-state circuit breaker,CONTEXT,4,150,1,0.9954666666666666,1,0.9733333333333334,1,TRUE,0
phi4,Solid-state circuit breaker,ZEROSHOT,2,150,0,0.006933333333333332,0.006666666666666667,0,0.02666666666666667,TRUE,0.006666666666666667
phi4,Solid-state circuit breaker,ZEROSHOT,3,150,0.006666666666666667,0.010180000000000002,0.006666666666666667,0,0.04,TRUE,0
phi4,Solid-state circuit breaker,ZEROSHOT,4,150,0.9933333333333333,0.9828866666666667,0.9866666666666667,0.9533333333333334,1,TRUE,0.006666666666666599
phi4,Static protection system,CONTEXT,2,150,0,2.0666666666666628e-4,0,0,0.006666666666666667,TRUE,0
phi4,Static protection system,CONTEXT,3,150,0,0.011033333333333334,0.006666666666666667,0,0.04,TRUE,0.006666666666666667
phi4,Static protection system,CONTEXT,4,150,1,0.98876,0.9933333333333333,0.96,1,TRUE,0.00666666666666671
phi4,Static protection system,ZEROSHOT,2,150,0,0.008093333333333336,0.006666666666666667,0,0.03333333333333333,TRUE,0.006666666666666667
phi4,Static protection system,ZEROSHOT,3,150,0.28,0.2686866666666667,0.26666666666666666,0.17333333333333334,0.37333333333333335,TRUE,0.013333333333333364
phi4,Static protection system,ZEROSHOT,4,150,0.72,0.72322,0.7266666666666667,0.6133333333333333,0.8133333333333334,TRUE,0.00666666666666671
